Entity,Code,Year,Maternal mortality ratio
Albania,ALB,1990,32.874947
Albania,ALB,1991,29.07421
Albania,ALB,1992,27.674513
Albania,ALB,1993,26.515451
Albania,ALB,1994,24.24055
Albania,ALB,1995,22.034124
Albania,ALB,1996,18.68523
Albania,ALB,1997,18.388054
Albania,ALB,1998,15.522337
Albania,ALB,1999,14.890729
Albania,ALB,2000,14.326414
Albania,ALB,2001,12.525534
Albania,ALB,2002,12.407263
Albania,ALB,2003,12.1191635
Albania,ALB,2004,10.631596
Albania,ALB,2005,10.830499
Albania,ALB,2006,10.76677
Albania,ALB,2007,10.195825
Albania,ALB,2008,9.739404
Albania,ALB,2009,9.097263
Albania,ALB,2010,8.516676
Albania,ALB,2011,8.045227
Albania,ALB,2012,7.796703
Albania,ALB,2013,7.2153625
Albania,ALB,2014,7.0098605
Albania,ALB,2015,6.878285
Albania,ALB,2016,6.6560845
Albania,ALB,2017,6.689698
Albania,ALB,2018,5.4292927
Albania,ALB,2019,5.305023
Albania,ALB,2020,8.276446
Algeria,DZA,1990,205.81978
Algeria,DZA,1991,203.99115
Algeria,DZA,1992,203.64143
Algeria,DZA,1993,203.94144
Algeria,DZA,1994,202.64119
Algeria,DZA,1995,203.82845
Algeria,DZA,1996,192.42587
Algeria,DZA,1997,180.90137
Algeria,DZA,1998,186.70406
Algeria,DZA,1999,186.78293
Algeria,DZA,2000,159.17569
Algeria,DZA,2001,155.60765
Algeria,DZA,2002,150.39429
Algeria,DZA,2003,153.00684
Algeria,DZA,2004,136.83981
Algeria,DZA,2005,143.5237
Algeria,DZA,2006,134.48117
Algeria,DZA,2007,125.07094
Algeria,DZA,2008,116.5181
Algeria,DZA,2009,114.55361
Algeria,DZA,2010,111.74292
Algeria,DZA,2011,105.463295
Algeria,DZA,2012,99.0758
Algeria,DZA,2013,94.34408
Algeria,DZA,2014,86.15147
Algeria,DZA,2015,89.13265
Algeria,DZA,2016,88.9977
Algeria,DZA,2017,89.14354
Algeria,DZA,2018,79.49121
Algeria,DZA,2019,76.71434
Algeria,DZA,2020,77.694786
Armenia,ARM,1990,47.282715
Armenia,ARM,1991,50.627323
Armenia,ARM,1992,50.760963
Armenia,ARM,1993,52.362232
Armenia,ARM,1994,59.16303
Armenia,ARM,1995,56.784103
Armenia,ARM,1996,58.176136
Armenia,ARM,1997,54.062088
Armenia,ARM,1998,54.502785
Armenia,ARM,1999,58.47666
Armenia,ARM,2000,50.165813
Armenia,ARM,2001,49.568985
Armenia,ARM,2002,48.045692
Armenia,ARM,2003,42.614437
Armenia,ARM,2004,41.58858
Armenia,ARM,2005,37.780674
Armenia,ARM,2006,39.92467
Armenia,ARM,2007,35.867077
Armenia,ARM,2008,33.531677
Armenia,ARM,2009,33.39944
Armenia,ARM,2010,33.217705
Armenia,ARM,2011,31.458054
Armenia,ARM,2012,29.129873
Armenia,ARM,2013,27.199404
Armenia,ARM,2014,27.824223
Armenia,ARM,2015,25.10203
Armenia,ARM,2016,23.873402
Armenia,ARM,2017,25.000671
Armenia,ARM,2018,25.101397
Armenia,ARM,2019,24.938004
Armenia,ARM,2020,27.18972
Azerbaijan,AZE,1990,47.49079
Azerbaijan,AZE,1991,49.91543
Azerbaijan,AZE,1992,51.201244
Azerbaijan,AZE,1993,57.30163
Azerbaijan,AZE,1994,59.103413
Azerbaijan,AZE,1995,58.415882
Azerbaijan,AZE,1996,65.26367
Azerbaijan,AZE,1997,61.925827
Azerbaijan,AZE,1998,63.672516
Azerbaijan,AZE,1999,55.722027
Azerbaijan,AZE,2000,55.520844
Azerbaijan,AZE,2001,55.15855
Azerbaijan,AZE,2002,54.012035
Azerbaijan,AZE,2003,50.945103
Azerbaijan,AZE,2004,46.81153
Azerbaijan,AZE,2005,43.89283
Azerbaijan,AZE,2006,38.76129
Azerbaijan,AZE,2007,34.40982
Azerbaijan,AZE,2008,32.792797
Azerbaijan,AZE,2009,33.32893
Azerbaijan,AZE,2010,32.81004
Azerbaijan,AZE,2011,30.739494
Azerbaijan,AZE,2012,29.373413
Azerbaijan,AZE,2013,28.39893
Azerbaijan,AZE,2014,28.972912
Azerbaijan,AZE,2015,29.377861
Azerbaijan,AZE,2016,26.018137
Azerbaijan,AZE,2017,26.893013
Azerbaijan,AZE,2018,27.599777
Azerbaijan,AZE,2019,26.869574
Azerbaijan,AZE,2020,40.763668
Bangladesh,BGD,1990,906.45355
Bangladesh,BGD,1991,911.2366
Bangladesh,BGD,1992,808.58545
Bangladesh,BGD,1993,795.9371
Bangladesh,BGD,1994,771.378
Bangladesh,BGD,1995,758.2308
Bangladesh,BGD,1996,767.6459
Bangladesh,BGD,1997,625.1093
Bangladesh,BGD,1998,521.82587
Bangladesh,BGD,1999,453.9892
Bangladesh,BGD,2000,441.184
Bangladesh,BGD,2001,436.92264
Bangladesh,BGD,2002,413.68115
Bangladesh,BGD,2003,403.53748
Bangladesh,BGD,2004,371.6946
Bangladesh,BGD,2005,375.86404
Bangladesh,BGD,2006,352.53012
Bangladesh,BGD,2007,376.97464
Bangladesh,BGD,2008,367.95358
Bangladesh,BGD,2009,337.88373
Bangladesh,BGD,2010,300.81277
Bangladesh,BGD,2011,301.29218
Bangladesh,BGD,2012,236.69736
Bangladesh,BGD,2013,218.67691
Bangladesh,BGD,2014,219.02826
Bangladesh,BGD,2015,211.62268
Bangladesh,BGD,2016,196.14534
Bangladesh,BGD,2017,183.39702
Bangladesh,BGD,2018,172.13548
Bangladesh,BGD,2019,157.16107
Bangladesh,BGD,2020,123.028244
Bhutan,BTN,1990,603.6196
Bhutan,BTN,1991,583.95996
Bhutan,BTN,1992,551.43677
Bhutan,BTN,1993,498.4327
Bhutan,BTN,1994,494.84494
Bhutan,BTN,1995,430.78638
Bhutan,BTN,1996,406.96243
Bhutan,BTN,1997,385.9235
Bhutan,BTN,1998,339.3918
Bhutan,BTN,1999,341.63727
Bhutan,BTN,2000,304.68152
Bhutan,BTN,2001,257.0414
Bhutan,BTN,2002,255.70935
Bhutan,BTN,2003,222.1049
Bhutan,BTN,2004,196.52061
Bhutan,BTN,2005,185.80013
Bhutan,BTN,2006,183.099
Bhutan,BTN,2007,153.12663
Bhutan,BTN,2008,140.67139
Bhutan,BTN,2009,129.43666
Bhutan,BTN,2010,116.56595
Bhutan,BTN,2011,94.31241
Bhutan,BTN,2012,91.54671
Bhutan,BTN,2013,84.17812
Bhutan,BTN,2014,78.32205
Bhutan,BTN,2015,73.66838
Bhutan,BTN,2016,66.35082
Bhutan,BTN,2017,68.395836
Bhutan,BTN,2018,57.318043
Bhutan,BTN,2019,61.609154
Bhutan,BTN,2020,59.947754
Bolivia,BOL,1990,451.94812
Bolivia,BOL,1991,431.75366
Bolivia,BOL,1992,428.08844
Bolivia,BOL,1993,378.79254
Bolivia,BOL,1994,364.9673
Bolivia,BOL,1995,354.36374
Bolivia,BOL,1996,341.11865
Bolivia,BOL,1997,311.22092
Bolivia,BOL,1998,298.4535
Bolivia,BOL,1999,286.04156
Bolivia,BOL,2000,284.00858
Bolivia,BOL,2001,261.2193
Bolivia,BOL,2002,253.08754
Bolivia,BOL,2003,251.1296
Bolivia,BOL,2004,235.55934
Bolivia,BOL,2005,230.08482
Bolivia,BOL,2006,218.42091
Bolivia,BOL,2007,219.69737
Bolivia,BOL,2008,210.80014
Bolivia,BOL,2009,186.80927
Bolivia,BOL,2010,184.08719
Bolivia,BOL,2011,178.09174
Bolivia,BOL,2012,178.80797
Bolivia,BOL,2013,174.57707
Bolivia,BOL,2014,163.33307
Bolivia,BOL,2015,164.83746
Bolivia,BOL,2016,160.83798
Bolivia,BOL,2017,164.0568
Bolivia,BOL,2018,171.43248
Bolivia,BOL,2019,175.75273
Bolivia,BOL,2020,160.9074
Bosnia and Herzegovina,BIH,1990,33.165157
Bosnia and Herzegovina,BIH,1991,32.77943
Bosnia and Herzegovina,BIH,1992,37.243984
Bosnia and Herzegovina,BIH,1993,26.865707
Bosnia and Herzegovina,BIH,1994,29.807768
Bosnia and Herzegovina,BIH,1995,23.766552
Bosnia and Herzegovina,BIH,1996,24.189445
Bosnia and Herzegovina,BIH,1997,20.188366
Bosnia and Herzegovina,BIH,1998,16.31458
Bosnia and Herzegovina,BIH,1999,14.575081
Bosnia and Herzegovina,BIH,2000,15.603431
Bosnia and Herzegovina,BIH,2001,14.289807
Bosnia and Herzegovina,BIH,2002,15.044863
Bosnia and Herzegovina,BIH,2003,12.242224
Bosnia and Herzegovina,BIH,2004,11.334848
Bosnia and Herzegovina,BIH,2005,11.467669
Bosnia and Herzegovina,BIH,2006,10.061597
Bosnia and Herzegovina,BIH,2007,9.150778
Bosnia and Herzegovina,BIH,2008,8.206358
Bosnia and Herzegovina,BIH,2009,7.5433965
Bosnia and Herzegovina,BIH,2010,7.690391
Bosnia and Herzegovina,BIH,2011,7.814887
Bosnia and Herzegovina,BIH,2012,6.9028625
Bosnia and Herzegovina,BIH,2013,7.556332
Bosnia and Herzegovina,BIH,2014,8.300994
Bosnia and Herzegovina,BIH,2015,7.401724
Bosnia and Herzegovina,BIH,2016,6.4276495
Bosnia and Herzegovina,BIH,2017,5.9327483
Bosnia and Herzegovina,BIH,2018,5.5474706
Bosnia and Herzegovina,BIH,2019,5.3941045
Bosnia and Herzegovina,BIH,2020,5.668399
Brazil,BRA,1990,194.28181
Brazil,BRA,1991,175.60631
Brazil,BRA,1992,169.7051
Brazil,BRA,1993,158.88841
Brazil,BRA,1994,146.64238
Brazil,BRA,1995,121.07412
Brazil,BRA,1996,110.06962
Brazil,BRA,1997,99.53553
Brazil,BRA,1998,89.93645
Brazil,BRA,1999,74.07847
Brazil,BRA,2000,68.400314
Brazil,BRA,2001,67.92029
Brazil,BRA,2002,72.37671
Brazil,BRA,2003,68.84275
Brazil,BRA,2004,69.773125
Brazil,BRA,2005,69.968445
Brazil,BRA,2006,71.323875
Brazil,BRA,2007,72.024796
Brazil,BRA,2008,70.488846
Brazil,BRA,2009,67.93384
Brazil,BRA,2010,63.855293
Brazil,BRA,2011,61.941
Brazil,BRA,2012,56.877464
Brazil,BRA,2013,60.86941
Brazil,BRA,2014,62.2825
Brazil,BRA,2015,62.176037
Brazil,BRA,2016,62.71436
Brazil,BRA,2017,59.70362
Brazil,BRA,2018,59.183395
Brazil,BRA,2019,60.735165
Brazil,BRA,2020,72.14754
Bulgaria,BGR,1990,23.429884
Bulgaria,BGR,1991,24.569798
Bulgaria,BGR,1992,22.47983
Bulgaria,BGR,1993,22.459116
Bulgaria,BGR,1994,25.670774
Bulgaria,BGR,1995,26.792465
Bulgaria,BGR,1996,20.846107
Bulgaria,BGR,1997,24.545675
Bulgaria,BGR,1998,21.217033
Bulgaria,BGR,1999,24.116333
Bulgaria,BGR,2000,21.934078
Bulgaria,BGR,2001,20.9894
Bulgaria,BGR,2002,18.549234
Bulgaria,BGR,2003,16.70329
Bulgaria,BGR,2004,15.12295
Bulgaria,BGR,2005,13.717779
Bulgaria,BGR,2006,11.822357
Bulgaria,BGR,2007,10.3847065
Bulgaria,BGR,2008,9.139503
Bulgaria,BGR,2009,9.936562
Bulgaria,BGR,2010,10.297136
Bulgaria,BGR,2011,8.242124
Bulgaria,BGR,2012,7.5487704
Bulgaria,BGR,2013,7.4041286
Bulgaria,BGR,2014,7.458355
Bulgaria,BGR,2015,7.5017962
Bulgaria,BGR,2016,7.1580596
Bulgaria,BGR,2017,7.0295987
Bulgaria,BGR,2018,7.167728
Bulgaria,BGR,2019,6.7299147
Bulgaria,BGR,2020,7.086025
Burundi,BDI,1990,1505.3638
Burundi,BDI,1991,1531.0144
Burundi,BDI,1992,1531.891
Burundi,BDI,1993,1300.333
Burundi,BDI,1994,1399.4873
Burundi,BDI,1995,1327.5352
Burundi,BDI,1996,1195.0441
Burundi,BDI,1997,1100.5349
Burundi,BDI,1998,969.87897
Burundi,BDI,1999,896.979
Burundi,BDI,2000,873.6498
Burundi,BDI,2001,823.0206
Burundi,BDI,2002,779.4431
Burundi,BDI,2003,779.01447
Burundi,BDI,2004,739.56274
Burundi,BDI,2005,712.7677
Burundi,BDI,2006,695.5516
Burundi,BDI,2007,676.16187
Burundi,BDI,2008,630.0197
Burundi,BDI,2009,618.3315
Burundi,BDI,2010,608.00806
Burundi,BDI,2011,575.35077
Burundi,BDI,2012,563.8558
Burundi,BDI,2013,554.728
Burundi,BDI,2014,526.5016
Burundi,BDI,2015,514.0307
Burundi,BDI,2016,508.4552
Burundi,BDI,2017,499.13336
Burundi,BDI,2018,517.9052
Burundi,BDI,2019,479.29013
Burundi,BDI,2020,494.4298
Colombia,COL,1990,108.4422
Colombia,COL,1991,107.88417
Colombia,COL,1992,106.535805
Colombia,COL,1993,105.27559
Colombia,COL,1994,105.40133
Colombia,COL,1995,96.6035
Colombia,COL,1996,97.54599
Colombia,COL,1997,98.631775
Colombia,COL,1998,100.42779
Colombia,COL,1999,94.19719
Colombia,COL,2000,92.63503
Colombia,COL,2001,94.13931
Colombia,COL,2002,93.12215
Colombia,COL,2003,82.65058
Colombia,COL,2004,82.35472
Colombia,COL,2005,81.785416
Colombia,COL,2006,81.716965
Colombia,COL,2007,83.07629
Colombia,COL,2008,72.894455
Colombia,COL,2009,71.33593
Colombia,COL,2010,70.56835
Colombia,COL,2011,70.60106
Colombia,COL,2012,70.59163
Colombia,COL,2013,70.30792
Colombia,COL,2014,69.87793
Colombia,COL,2015,70.00599
Colombia,COL,2016,70.08121
Colombia,COL,2017,71.44645
Colombia,COL,2018,63.146347
Colombia,COL,2019,65.44107
Colombia,COL,2020,74.7629
Congo,COG,1990,740.1973
Congo,COG,1991,779.9004
Congo,COG,1992,826.9872
Congo,COG,1993,786.1847
Congo,COG,1994,787.4919
Congo,COG,1995,758.1763
Congo,COG,1996,731.4258
Congo,COG,1997,966.6766
Congo,COG,1998,825.0482
Congo,COG,1999,729.75146
Congo,COG,2000,659.7867
Congo,COG,2001,641.407
Congo,COG,2002,619.5643
Congo,COG,2003,587.13153
Congo,COG,2004,541.07263
Congo,COG,2005,487.7581
Congo,COG,2006,479.12253
Congo,COG,2007,439.35422
Congo,COG,2008,414.8624
Congo,COG,2009,414.9415
Congo,COG,2010,389.06412
Congo,COG,2011,387.1991
Congo,COG,2012,402.49243
Congo,COG,2013,361.82642
Congo,COG,2014,375.30713
Congo,COG,2015,360.43546
Congo,COG,2016,352.6002
Congo,COG,2017,365.77115
Congo,COG,2018,370.06052
Congo,COG,2019,292.1209
Congo,COG,2020,282.38577
Dominican Republic,DOM,1990,137.0388
Dominican Republic,DOM,1991,139.06592
Dominican Republic,DOM,1992,141.86772
Dominican Republic,DOM,1993,133.2649
Dominican Republic,DOM,1994,133.36003
Dominican Republic,DOM,1995,131.40219
Dominican Republic,DOM,1996,126.74766
Dominican Republic,DOM,1997,111.971886
Dominican Republic,DOM,1998,106.88143
Dominican Republic,DOM,1999,92.77973
Dominican Republic,DOM,2000,79.0504
Dominican Republic,DOM,2001,68.55596
Dominican Republic,DOM,2002,70.34202
Dominican Republic,DOM,2003,74.52423
Dominican Republic,DOM,2004,81.48957
Dominican Republic,DOM,2005,86.68351
Dominican Republic,DOM,2006,84.98428
Dominican Republic,DOM,2007,89.442245
Dominican Republic,DOM,2008,92.456345
Dominican Republic,DOM,2009,93.33452
Dominican Republic,DOM,2010,91.777954
Dominican Republic,DOM,2011,93.05579
Dominican Republic,DOM,2012,91.15824
Dominican Republic,DOM,2013,93.4655
Dominican Republic,DOM,2014,95.87624
Dominican Republic,DOM,2015,98.8145
Dominican Republic,DOM,2016,101.93138
Dominican Republic,DOM,2017,104.42416
Dominican Republic,DOM,2018,109.27616
Dominican Republic,DOM,2019,102.90619
Dominican Republic,DOM,2020,107.34755
Egypt,EGY,1990,124.78118
Egypt,EGY,1991,118.17056
Egypt,EGY,1992,118.123505
Egypt,EGY,1993,111.3401
Egypt,EGY,1994,109.298996
Egypt,EGY,1995,100.2992
Egypt,EGY,1996,98.739426
Egypt,EGY,1997,95.0138
Egypt,EGY,1998,86.54623
Egypt,EGY,1999,83.955986
Egypt,EGY,2000,79.405136
Egypt,EGY,2001,75.6537
Egypt,EGY,2002,72.503555
Egypt,EGY,2003,65.709694
Egypt,EGY,2004,62.583195
Egypt,EGY,2005,57.65885
Egypt,EGY,2006,52.862514
Egypt,EGY,2007,47.913994
Egypt,EGY,2008,43.761612
Egypt,EGY,2009,40.008682
Egypt,EGY,2010,38.173283
Egypt,EGY,2011,34.417828
Egypt,EGY,2012,30.975227
Egypt,EGY,2013,28.182178
Egypt,EGY,2014,25.250156
Egypt,EGY,2015,23.939701
Egypt,EGY,2016,21.243773
Egypt,EGY,2017,19.566296
Egypt,EGY,2018,19.053669
Egypt,EGY,2019,17.765667
Egypt,EGY,2020,16.81971
Estonia,EST,1990,42.007114
Estonia,EST,1991,38.816086
Estonia,EST,1992,41.159145
Estonia,EST,1993,38.922024
Estonia,EST,1994,43.45562
Estonia,EST,1995,38.14433
Estonia,EST,1996,35.54729
Estonia,EST,1997,31.711895
Estonia,EST,1998,33.159054
Estonia,EST,1999,28.719252
Estonia,EST,2000,24.849953
Estonia,EST,2001,22.342983
Estonia,EST,2002,20.451153
Estonia,EST,2003,18.531036
Estonia,EST,2004,15.061834
Estonia,EST,2005,13.020889
Estonia,EST,2006,10.906229
Estonia,EST,2007,11.133658
Estonia,EST,2008,9.989891
Estonia,EST,2009,9.040399
Estonia,EST,2010,8.112171
Estonia,EST,2011,7.6188817
Estonia,EST,2012,7.55165
Estonia,EST,2013,7.118568
Estonia,EST,2014,6.5377855
Estonia,EST,2015,6.1233563
Estonia,EST,2016,5.8103323
Estonia,EST,2017,5.605207
Estonia,EST,2018,5.368494
Estonia,EST,2019,5.065453
Estonia,EST,2020,5.179642
Ethiopia,ETH,1990,1236.3136
Ethiopia,ETH,1991,1168.7079
Ethiopia,ETH,1992,1151.3756
Ethiopia,ETH,1993,1116.5876
Ethiopia,ETH,1994,1081.6609
Ethiopia,ETH,1995,1051.619
Ethiopia,ETH,1996,1017.62695
Ethiopia,ETH,1997,947.119
Ethiopia,ETH,1998,939.5823
Ethiopia,ETH,1999,977.9337
Ethiopia,ETH,2000,952.8363
Ethiopia,ETH,2001,955.1063
Ethiopia,ETH,2002,960.46564
Ethiopia,ETH,2003,906.1197
Ethiopia,ETH,2004,900.3782
Ethiopia,ETH,2005,879.8557
Ethiopia,ETH,2006,814.15686
Ethiopia,ETH,2007,780.3
Ethiopia,ETH,2008,724.7076
Ethiopia,ETH,2009,683.8136
Ethiopia,ETH,2010,634.7145
Ethiopia,ETH,2011,603.1648
Ethiopia,ETH,2012,543.31885
Ethiopia,ETH,2013,498.45016
Ethiopia,ETH,2014,447.35577
Ethiopia,ETH,2015,399.17053
Ethiopia,ETH,2016,355.66284
Ethiopia,ETH,2017,348.31128
Ethiopia,ETH,2018,311.85242
Ethiopia,ETH,2019,294.02185
Ethiopia,ETH,2020,266.68954
France,FRA,1990,14.426158
France,FRA,1991,14.672549
France,FRA,1992,14.916477
France,FRA,1993,15.473642
France,FRA,1994,14.770443
France,FRA,1995,14.176227
France,FRA,1996,13.035212
France,FRA,1997,11.691538
France,FRA,1998,10.61526
France,FRA,1999,10.108715
France,FRA,2000,9.361387
France,FRA,2001,9.310557
France,FRA,2002,9.343586
France,FRA,2003,9.1977825
France,FRA,2004,8.878178
France,FRA,2005,8.789566
France,FRA,2006,9.842747
France,FRA,2007,8.426876
France,FRA,2008,9.757088
France,FRA,2009,9.790642
France,FRA,2010,9.256813
France,FRA,2011,9.204711
France,FRA,2012,8.973588
France,FRA,2013,8.814902
France,FRA,2014,8.679656
France,FRA,2015,7.59504
France,FRA,2016,7.639073
France,FRA,2017,7.546536
France,FRA,2018,7.802404
France,FRA,2019,7.731595
France,FRA,2020,7.9090786
Ghana,GHA,1990,708.8897
Ghana,GHA,1991,692.8265
Ghana,GHA,1992,653.7135
Ghana,GHA,1993,665.4481
Ghana,GHA,1994,648.66394
Ghana,GHA,1995,623.1522
Ghana,GHA,1996,579.23596
Ghana,GHA,1997,552.18896
Ghana,GHA,1998,534.2244
Ghana,GHA,1999,510.05423
Ghana,GHA,2000,498.9074
Ghana,GHA,2001,469.95096
Ghana,GHA,2002,443.01547
Ghana,GHA,2003,423.5165
Ghana,GHA,2004,420.372
Ghana,GHA,2005,389.7518
Ghana,GHA,2006,364.66812
Ghana,GHA,2007,353.89215
Ghana,GHA,2008,353.70612
Ghana,GHA,2009,337.1938
Ghana,GHA,2010,336.93735
Ghana,GHA,2011,317.46487
Ghana,GHA,2012,305.33917
Ghana,GHA,2013,305.30823
Ghana,GHA,2014,286.29742
Ghana,GHA,2015,285.77322
Ghana,GHA,2016,258.11935
Ghana,GHA,2017,273.88803
Ghana,GHA,2018,272.81525
Ghana,GHA,2019,243.84125
Ghana,GHA,2020,263.10858
Guinea,GIN,1990,1193.8768
Guinea,GIN,1991,1189.1809
Guinea,GIN,1992,1104.0293
Guinea,GIN,1993,1032.761
Guinea,GIN,1994,1049.5302
Guinea,GIN,1995,1030.6342
Guinea,GIN,1996,997.51807
Guinea,GIN,1997,957.8529
Guinea,GIN,1998,922.7778
Guinea,GIN,1999,937.80493
Guinea,GIN,2000,970.92706
Guinea,GIN,2001,942.87775
Guinea,GIN,2002,928.5611
Guinea,GIN,2003,915.56116
Guinea,GIN,2004,887.22046
Guinea,GIN,2005,845.6137
Guinea,GIN,2006,817.4196
Guinea,GIN,2007,764.46344
Guinea,GIN,2008,736.7834
Guinea,GIN,2009,744.28845
Guinea,GIN,2010,740.7
Guinea,GIN,2011,744.2749
Guinea,GIN,2012,679.142
Guinea,GIN,2013,676.6941
Guinea,GIN,2014,660.7122
Guinea,GIN,2015,649.1199
Guinea,GIN,2016,625.82635
Guinea,GIN,2017,572.1399
Guinea,GIN,2018,567.718
Guinea,GIN,2019,555.54395
Guinea,GIN,2020,553.4016
Guyana,GUY,1990,266.55533
Guyana,GUY,1991,259.93103
Guyana,GUY,1992,252.35014
Guyana,GUY,1993,242.77074
Guyana,GUY,1994,243.45203
Guyana,GUY,1995,223.83362
Guyana,GUY,1996,217.0403
Guyana,GUY,1997,208.30664
Guyana,GUY,1998,196.12547
Guyana,GUY,1999,201.65599
Guyana,GUY,2000,190.08107
Guyana,GUY,2001,189.83852
Guyana,GUY,2002,172.66664
Guyana,GUY,2003,180.05959
Guyana,GUY,2004,171.66481
Guyana,GUY,2005,171.67383
Guyana,GUY,2006,177.30574
Guyana,GUY,2007,168.07275
Guyana,GUY,2008,149.61691
Guyana,GUY,2009,144.57707
Guyana,GUY,2010,147.86821
Guyana,GUY,2011,141.957
Guyana,GUY,2012,135.95515
Guyana,GUY,2013,132.62288
Guyana,GUY,2014,130.94016
Guyana,GUY,2015,128.33563
Guyana,GUY,2016,126.74779
Guyana,GUY,2017,123.331276
Guyana,GUY,2018,117.705696
Guyana,GUY,2019,109.76433
Guyana,GUY,2020,111.94294
India,IND,1990,498.04086
India,IND,1991,486.91403
India,IND,1992,482.33136
India,IND,1993,481.89944
India,IND,1994,444.02795
India,IND,1995,439.93512
India,IND,1996,439.49313
India,IND,1997,436.3723
India,IND,1998,403.52618
India,IND,1999,398.99048
India,IND,2000,384.44766
India,IND,2001,371.2746
India,IND,2002,329.44482
India,IND,2003,315.37613
India,IND,2004,301.25327
India,IND,2005,285.7306
India,IND,2006,248.1678
India,IND,2007,233.98418
India,IND,2008,220.52026
India,IND,2009,207.09816
India,IND,2010,178.68156
India,IND,2011,169.90392
India,IND,2012,161.75648
India,IND,2013,154.24477
India,IND,2014,134.85806
India,IND,2015,127.67558
India,IND,2016,121.169075
India,IND,2017,118.66109
India,IND,2018,115.7112
India,IND,2019,116.38938
India,IND,2020,102.653915
Iran,IRN,1990,76.61473
Iran,IRN,1991,72.03216
Iran,IRN,1992,67.30126
Iran,IRN,1993,61.792774
Iran,IRN,1994,59.861526
Iran,IRN,1995,59.880753
Iran,IRN,1996,55.49371
Iran,IRN,1997,53.54683
Iran,IRN,1998,52.052322
Iran,IRN,1999,45.026962
Iran,IRN,2000,43.504265
Iran,IRN,2001,42.077885
Iran,IRN,2002,41.0059
Iran,IRN,2003,40.898182
Iran,IRN,2004,37.961914
Iran,IRN,2005,30.224026
Iran,IRN,2006,29.512062
Iran,IRN,2007,28.57518
Iran,IRN,2008,32.807003
Iran,IRN,2009,36.52495
Iran,IRN,2010,31.569935
Iran,IRN,2011,25.865252
Iran,IRN,2012,22.783613
Iran,IRN,2013,23.467667
Iran,IRN,2014,20.895805
Iran,IRN,2015,20.060368
Iran,IRN,2016,19.817562
Iran,IRN,2017,18.459864
Iran,IRN,2018,17.439306
Iran,IRN,2019,20.87619
Iran,IRN,2020,22.018887
Iraq,IRQ,1990,260.68503
Iraq,IRQ,1991,208.97438
Iraq,IRQ,1992,165.93445
Iraq,IRQ,1993,164.4976
Iraq,IRQ,1994,164.8223
Iraq,IRQ,1995,165.60596
Iraq,IRQ,1996,172.4441
Iraq,IRQ,1997,177.22331
Iraq,IRQ,1998,185.40517
Iraq,IRQ,1999,146.68796
Iraq,IRQ,2000,116.938675
Iraq,IRQ,2001,115.04527
Iraq,IRQ,2002,112.28373
Iraq,IRQ,2003,118.26358
Iraq,IRQ,2004,118.45935
Iraq,IRQ,2005,115.6275
Iraq,IRQ,2006,122.30174
Iraq,IRQ,2007,127.83975
Iraq,IRQ,2008,130.5476
Iraq,IRQ,2009,125.899216
Iraq,IRQ,2010,114.87607
Iraq,IRQ,2011,111.30041
Iraq,IRQ,2012,111.07641
Iraq,IRQ,2013,109.778786
Iraq,IRQ,2014,98.37459
Iraq,IRQ,2015,101.93897
Iraq,IRQ,2016,84.63409
Iraq,IRQ,2017,77.688286
Iraq,IRQ,2018,71.92842
Iraq,IRQ,2019,72.77916
Iraq,IRQ,2020,76.11046
Jamaica,JAM,1990,42.973568
Jamaica,JAM,1991,46.637054
Jamaica,JAM,1992,51.07144
Jamaica,JAM,1993,58.150646
Jamaica,JAM,1994,64.101364
Jamaica,JAM,1995,69.82545
Jamaica,JAM,1996,70.15046
Jamaica,JAM,1997,75.77768
Jamaica,JAM,1998,81.35502
Jamaica,JAM,1999,81.21541
Jamaica,JAM,2000,83.00716
Jamaica,JAM,2001,86.74718
Jamaica,JAM,2002,86.504295
Jamaica,JAM,2003,86.094925
Jamaica,JAM,2004,81.770836
Jamaica,JAM,2005,86.15855
Jamaica,JAM,2006,94.1998
Jamaica,JAM,2007,91.70157
Jamaica,JAM,2008,96.14826
Jamaica,JAM,2009,94.73815
Jamaica,JAM,2010,87.71298
Jamaica,JAM,2011,79.78062
Jamaica,JAM,2012,82.57713
Jamaica,JAM,2013,90.04402
Jamaica,JAM,2014,100.99665
Jamaica,JAM,2015,96.971085
Jamaica,JAM,2016,98.23959
Jamaica,JAM,2017,101.46146
Jamaica,JAM,2018,90.51271
Jamaica,JAM,2019,93.04639
Jamaica,JAM,2020,98.8789
Jordan,JOR,1990,81.75672
Jordan,JOR,1991,77.45081
Jordan,JOR,1992,77.81638
Jordan,JOR,1993,77.10413
Jordan,JOR,1994,73.13827
Jordan,JOR,1995,73.94581
Jordan,JOR,1996,74.55539
Jordan,JOR,1997,71.292885
Jordan,JOR,1998,68.490105
Jordan,JOR,1999,68.3878
Jordan,JOR,2000,64.33899
Jordan,JOR,2001,63.50382
Jordan,JOR,2002,62.41066
Jordan,JOR,2003,60.202198
Jordan,JOR,2004,58.78852
Jordan,JOR,2005,57.737617
Jordan,JOR,2006,55.704506
Jordan,JOR,2007,52.808655
Jordan,JOR,2008,51.00979
Jordan,JOR,2009,50.266796
Jordan,JOR,2010,46.616848
Jordan,JOR,2011,47.069824
Jordan,JOR,2012,47.86479
Jordan,JOR,2013,45.22782
Jordan,JOR,2014,45.247295
Jordan,JOR,2015,46.134136
Jordan,JOR,2016,42.89453
Jordan,JOR,2017,42.312275
Jordan,JOR,2018,41.6902
Jordan,JOR,2019,41.291813
Jordan,JOR,2020,41.31479
Kazakhstan,KAZ,1990,83.22748
Kazakhstan,KAZ,1991,86.2613
Kazakhstan,KAZ,1992,82.07255
Kazakhstan,KAZ,1993,80.57572
Kazakhstan,KAZ,1994,75.18608
Kazakhstan,KAZ,1995,76.56846
Kazakhstan,KAZ,1996,70.79228
Kazakhstan,KAZ,1997,70.61854
Kazakhstan,KAZ,1998,66.592186
Kazakhstan,KAZ,1999,61.735622
Kazakhstan,KAZ,2000,56.33923
Kazakhstan,KAZ,2001,51.673588
Kazakhstan,KAZ,2002,49.172237
Kazakhstan,KAZ,2003,41.720623
Kazakhstan,KAZ,2004,35.987766
Kazakhstan,KAZ,2005,35.530624
Kazakhstan,KAZ,2006,30.565393
Kazakhstan,KAZ,2007,28.015612
Kazakhstan,KAZ,2008,25.931658
Kazakhstan,KAZ,2009,23.011576
Kazakhstan,KAZ,2010,19.637888
Kazakhstan,KAZ,2011,16.888693
Kazakhstan,KAZ,2012,14.411955
Kazakhstan,KAZ,2013,13.010822
Kazakhstan,KAZ,2014,12.988152
Kazakhstan,KAZ,2015,12.553682
Kazakhstan,KAZ,2016,13.402437
Kazakhstan,KAZ,2017,13.40551
Kazakhstan,KAZ,2018,13.802158
Kazakhstan,KAZ,2019,14.016989
Kazakhstan,KAZ,2020,13.383632
Kenya,KEN,1990,582.9607
Kenya,KEN,1991,565.5924
Kenya,KEN,1992,574.0339
Kenya,KEN,1993,562.82745
Kenya,KEN,1994,553.1697
Kenya,KEN,1995,563.506
Kenya,KEN,1996,560.80597
Kenya,KEN,1997,535.7814
Kenya,KEN,1998,542.9589
Kenya,KEN,1999,547.4636
Kenya,KEN,2000,563.7612
Kenya,KEN,2001,567.1442
Kenya,KEN,2002,536.33777
Kenya,KEN,2003,525.45636
Kenya,KEN,2004,504.09488
Kenya,KEN,2005,503.43677
Kenya,KEN,2006,493.36142
Kenya,KEN,2007,494.0975
Kenya,KEN,2008,483.50565
Kenya,KEN,2009,464.1277
Kenya,KEN,2010,475.5001
Kenya,KEN,2011,472.805
Kenya,KEN,2012,476.98462
Kenya,KEN,2013,516.2126
Kenya,KEN,2014,506.8487
Kenya,KEN,2015,482.9714
Kenya,KEN,2016,504.67444
Kenya,KEN,2017,489.94156
Kenya,KEN,2018,511.50998
Kenya,KEN,2019,502.91656
Kenya,KEN,2020,529.9623
Lebanon,LBN,1990,56.130527
Lebanon,LBN,1991,42.125854
Lebanon,LBN,1992,43.175564
Lebanon,LBN,1993,42.35518
Lebanon,LBN,1994,39.025078
Lebanon,LBN,1995,39.846077
Lebanon,LBN,1996,39.309334
Lebanon,LBN,1997,33.574818
Lebanon,LBN,1998,33.949516
Lebanon,LBN,1999,33.022003
Lebanon,LBN,2000,31.917574
Lebanon,LBN,2001,27.478626
Lebanon,LBN,2002,25.055334
Lebanon,LBN,2003,25.094446
Lebanon,LBN,2004,24.598488
Lebanon,LBN,2005,24.615446
Lebanon,LBN,2006,21.07721
Lebanon,LBN,2007,19.888842
Lebanon,LBN,2008,19.412743
Lebanon,LBN,2009,18.738405
Lebanon,LBN,2010,17.993435
Lebanon,LBN,2011,19.745079
Lebanon,LBN,2012,19.543291
Lebanon,LBN,2013,19.816673
Lebanon,LBN,2014,19.5172
Lebanon,LBN,2015,19.419146
Lebanon,LBN,2016,19.19316
Lebanon,LBN,2017,19.440784
Lebanon,LBN,2018,17.85494
Lebanon,LBN,2019,19.592762
Lebanon,LBN,2020,20.624624
Liberia,LBR,1990,1553.0199
Liberia,LBR,1991,1435.8054
Liberia,LBR,1992,1525.3835
Liberia,LBR,1993,1618.819
Liberia,LBR,1994,1723.4918
Liberia,LBR,1995,1524.3645
Liberia,LBR,1996,1392.1243
Liberia,LBR,1997,1074.047
Liberia,LBR,1998,962.5152
Liberia,LBR,1999,859.25085
Liberia,LBR,2000,777.4341
Liberia,LBR,2001,746.8344
Liberia,LBR,2002,758.3454
Liberia,LBR,2003,805.13116
Liberia,LBR,2004,699.789
Liberia,LBR,2005,676.47394
Liberia,LBR,2006,664.4995
Liberia,LBR,2007,662.79626
Liberia,LBR,2008,632.34186
Liberia,LBR,2009,638.0246
Liberia,LBR,2010,634.17914
Liberia,LBR,2011,643.5707
Liberia,LBR,2012,643.5407
Liberia,LBR,2013,631.61945
Liberia,LBR,2014,775.90894
Liberia,LBR,2015,685.5917
Liberia,LBR,2016,627.5487
Liberia,LBR,2017,661.1336
Liberia,LBR,2018,683.75757
Liberia,LBR,2019,667.96204
Liberia,LBR,2020,652.33875
Madagascar,MDG,1990,733.5919
Madagascar,MDG,1991,725.6066
Madagascar,MDG,1992,688.1259
Madagascar,MDG,1993,669.4092
Madagascar,MDG,1994,658.5387
Madagascar,MDG,1995,652.0999
Madagascar,MDG,1996,645.314
Madagascar,MDG,1997,652.0276
Madagascar,MDG,1998,627.6648
Madagascar,MDG,1999,645.5212
Madagascar,MDG,2000,658.1073
Madagascar,MDG,2001,627.18304
Madagascar,MDG,2002,636.6128
Madagascar,MDG,2003,625.6385
Madagascar,MDG,2004,597.78485
Madagascar,MDG,2005,567.53186
Madagascar,MDG,2006,537.31195
Madagascar,MDG,2007,520.8265
Madagascar,MDG,2008,526.3761
Madagascar,MDG,2009,507.06314
Madagascar,MDG,2010,496.79602
Madagascar,MDG,2011,484.4261
Madagascar,MDG,2012,475.98773
Madagascar,MDG,2013,454.5967
Madagascar,MDG,2014,467.3091
Madagascar,MDG,2015,481.62827
Madagascar,MDG,2016,446.81296
Madagascar,MDG,2017,423.24905
Madagascar,MDG,2018,423.27182
Madagascar,MDG,2019,397.63773
Madagascar,MDG,2020,391.51694
Mauritius,MUS,1990,97.573
Mauritius,MUS,1991,90.7432
Mauritius,MUS,1992,86.90236
Mauritius,MUS,1993,75.78405
Mauritius,MUS,1994,75.70528
Mauritius,MUS,1995,74.05813
Mauritius,MUS,1996,62.620647
Mauritius,MUS,1997,59.17006
Mauritius,MUS,1998,59.11825
Mauritius,MUS,1999,52.068726
Mauritius,MUS,2000,52.169
Mauritius,MUS,2001,49.91884
Mauritius,MUS,2002,48.344856
Mauritius,MUS,2003,47.01471
Mauritius,MUS,2004,45.7382
Mauritius,MUS,2005,47.660347
Mauritius,MUS,2006,42.959187
Mauritius,MUS,2007,42.870506
Mauritius,MUS,2008,45.078617
Mauritius,MUS,2009,49.41224
Mauritius,MUS,2010,55.059517
Mauritius,MUS,2011,42.334305
Mauritius,MUS,2012,46.716785
Mauritius,MUS,2013,47.755817
Mauritius,MUS,2014,51.002174
Mauritius,MUS,2015,56.580914
Mauritius,MUS,2016,51.745354
Mauritius,MUS,2017,45.65107
Mauritius,MUS,2018,50.344814
Mauritius,MUS,2019,49.055176
Mauritius,MUS,2020,84.35797
Mexico,MEX,1990,81.17447
Mexico,MEX,1991,73.19297
Mexico,MEX,1992,71.1541
Mexico,MEX,1993,69.957565
Mexico,MEX,1994,63.75732
Mexico,MEX,1995,63.268612
Mexico,MEX,1996,62.977093
Mexico,MEX,1997,63.01261
Mexico,MEX,1998,57.43372
Mexico,MEX,1999,56.57155
Mexico,MEX,2000,56.53202
Mexico,MEX,2001,56.735672
Mexico,MEX,2002,56.87764
Mexico,MEX,2003,52.07416
Mexico,MEX,2004,52.614697
Mexico,MEX,2005,53.333107
Mexico,MEX,2006,54.39739
Mexico,MEX,2007,55.842422
Mexico,MEX,2008,56.826656
Mexico,MEX,2009,51.42725
Mexico,MEX,2010,51.22866
Mexico,MEX,2011,50.28834
Mexico,MEX,2012,49.23353
Mexico,MEX,2013,48.885983
Mexico,MEX,2014,49.56949
Mexico,MEX,2015,52.026676
Mexico,MEX,2016,49.076176
Mexico,MEX,2017,52.33693
Mexico,MEX,2018,55.528206
Mexico,MEX,2019,57.969803
Mexico,MEX,2020,59.125072
Morocco,MAR,1990,460.8105
Morocco,MAR,1991,434.06555
Morocco,MAR,1992,391.00613
Morocco,MAR,1993,383.66205
Morocco,MAR,1994,344.48062
Morocco,MAR,1995,336.878
Morocco,MAR,1996,325.678
Morocco,MAR,1997,292.40466
Morocco,MAR,1998,284.08047
Morocco,MAR,1999,278.88507
Morocco,MAR,2000,244.20961
Morocco,MAR,2001,236.54042
Morocco,MAR,2002,226.96567
Morocco,MAR,2003,216.56816
Morocco,MAR,2004,209.06679
Morocco,MAR,2005,194.21167
Morocco,MAR,2006,179.46184
Morocco,MAR,2007,167.3513
Morocco,MAR,2008,155.84262
Morocco,MAR,2009,144.11427
Morocco,MAR,2010,133.86673
Morocco,MAR,2011,121.727646
Morocco,MAR,2012,113.17538
Morocco,MAR,2013,106.16503
Morocco,MAR,2014,101.70157
Morocco,MAR,2015,96.5807
Morocco,MAR,2016,85.29573
Morocco,MAR,2017,80.349815
Morocco,MAR,2018,78.01027
Morocco,MAR,2019,76.35814
Morocco,MAR,2020,71.85186
Mozambique,MOZ,1990,927.476
Mozambique,MOZ,1991,909.48737
Mozambique,MOZ,1992,891.421
Mozambique,MOZ,1993,870.2242
Mozambique,MOZ,1994,865.24005
Mozambique,MOZ,1995,828.58124
Mozambique,MOZ,1996,749.99695
Mozambique,MOZ,1997,713.60516
Mozambique,MOZ,1998,638.94006
Mozambique,MOZ,1999,582.8053
Mozambique,MOZ,2000,532.0995
Mozambique,MOZ,2001,500.75058
Mozambique,MOZ,2002,460.7372
Mozambique,MOZ,2003,441.60684
Mozambique,MOZ,2004,419.90707
Mozambique,MOZ,2005,403.92914
Mozambique,MOZ,2006,389.58057
Mozambique,MOZ,2007,378.8648
Mozambique,MOZ,2008,374.20584
Mozambique,MOZ,2009,355.12286
Mozambique,MOZ,2010,321.54102
Mozambique,MOZ,2011,296.3686
Mozambique,MOZ,2012,271.30936
Mozambique,MOZ,2013,240.91083
Mozambique,MOZ,2014,241.03159
Mozambique,MOZ,2015,225.88565
Mozambique,MOZ,2016,193.98991
Mozambique,MOZ,2017,177.31062
Mozambique,MOZ,2018,160.25722
Mozambique,MOZ,2019,149.91914
Mozambique,MOZ,2020,127.11053
Myanmar,MMR,1990,544.0909
Myanmar,MMR,1991,527.47784
Myanmar,MMR,1992,490.22076
Myanmar,MMR,1993,467.16876
Myanmar,MMR,1994,457.14047
Myanmar,MMR,1995,453.5296
Myanmar,MMR,1996,389.8533
Myanmar,MMR,1997,383.74826
Myanmar,MMR,1998,360.02734
Myanmar,MMR,1999,368.65106
Myanmar,MMR,2000,371.41534
Myanmar,MMR,2001,323.11154
Myanmar,MMR,2002,319.47034
Myanmar,MMR,2003,315.83017
Myanmar,MMR,2004,325.7543
Myanmar,MMR,2005,321.16553
Myanmar,MMR,2006,331.80118
Myanmar,MMR,2007,317.9523
Myanmar,MMR,2008,289.5297
Myanmar,MMR,2009,280.3373
Myanmar,MMR,2010,292.7042
Myanmar,MMR,2011,278.5581
Myanmar,MMR,2012,284.53702
Myanmar,MMR,2013,267.71646
Myanmar,MMR,2014,262.431
Myanmar,MMR,2015,242.86082
Myanmar,MMR,2016,241.7926
Myanmar,MMR,2017,237.84758
Myanmar,MMR,2018,214.53392
Myanmar,MMR,2019,212.97035
Myanmar,MMR,2020,178.67436
Namibia,NAM,1990,265.95844
Namibia,NAM,1991,279.40265
Namibia,NAM,1992,301.1828
Namibia,NAM,1993,304.7925
Namibia,NAM,1994,322.72406
Namibia,NAM,1995,335.79324
Namibia,NAM,1996,363.3383
Namibia,NAM,1997,376.40765
Namibia,NAM,1998,401.13464
Namibia,NAM,1999,415.31
Namibia,NAM,2000,450.28287
Namibia,NAM,2001,449.89893
Namibia,NAM,2002,446.50183
Namibia,NAM,2003,450.9599
Namibia,NAM,2004,401.82993
Namibia,NAM,2005,418.947
Namibia,NAM,2006,420.31012
Namibia,NAM,2007,427.1051
Namibia,NAM,2008,432.95297
Namibia,NAM,2009,459.37207
Namibia,NAM,2010,481.63083
Namibia,NAM,2011,414.0936
Namibia,NAM,2012,361.99036
Namibia,NAM,2013,333.89105
Namibia,NAM,2014,306.28162
Namibia,NAM,2015,299.00534
Namibia,NAM,2016,246.27785
Namibia,NAM,2017,227.90974
Namibia,NAM,2018,217.95181
Namibia,NAM,2019,222.95572
Namibia,NAM,2020,214.63507
Nepal,NPL,1990,961.23145
Nepal,NPL,1991,855.7299
Nepal,NPL,1992,812.86755
Nepal,NPL,1993,736.39154
Nepal,NPL,1994,703.46094
Nepal,NPL,1995,680.8059
Nepal,NPL,1996,628.12476
Nepal,NPL,1997,583.32477
Nepal,NPL,1998,543.05707
Nepal,NPL,1999,538.4902
Nepal,NPL,2000,503.98138
Nepal,NPL,2001,484.11963
Nepal,NPL,2002,465.74948
Nepal,NPL,2003,437.71216
Nepal,NPL,2004,391.70654
Nepal,NPL,2005,380.3898
Nepal,NPL,2006,357.87592
Nepal,NPL,2007,354.5907
Nepal,NPL,2008,343.52542
Nepal,NPL,2009,338.38107
Nepal,NPL,2010,349.205
Nepal,NPL,2011,294.896
Nepal,NPL,2012,287.71817
Nepal,NPL,2013,260.78555
Nepal,NPL,2014,253.1996
Nepal,NPL,2015,251.80217
Nepal,NPL,2016,223.83994
Nepal,NPL,2017,223.17316
Nepal,NPL,2018,201.15369
Nepal,NPL,2019,182.3197
Nepal,NPL,2020,174.41017
Nigeria,NGA,1990,1208.8783
Nigeria,NGA,1991,1217.477
Nigeria,NGA,1992,1209.2257
Nigeria,NGA,1993,1189.8514
Nigeria,NGA,1994,1223.375
Nigeria,NGA,1995,1170.9703
Nigeria,NGA,1996,1174.1525
Nigeria,NGA,1997,1186.3306
Nigeria,NGA,1998,1219.5286
Nigeria,NGA,1999,1177.4515
Nigeria,NGA,2000,1147.5464
Nigeria,NGA,2001,1126.9464
Nigeria,NGA,2002,1112.0065
Nigeria,NGA,2003,1083.8367
Nigeria,NGA,2004,1088.1476
Nigeria,NGA,2005,1073.1342
Nigeria,NGA,2006,1070.8658
Nigeria,NGA,2007,1080.5189
Nigeria,NGA,2008,1099.4318
Nigeria,NGA,2009,1100.8939
Nigeria,NGA,2010,1122.6709
Nigeria,NGA,2011,1069.7505
Nigeria,NGA,2012,1087.4316
Nigeria,NGA,2013,1108.9802
Nigeria,NGA,2014,1135.2793
Nigeria,NGA,2015,1113.4033
Nigeria,NGA,2016,1129.1832
Nigeria,NGA,2017,1126.9093
Nigeria,NGA,2018,1135.4136
Nigeria,NGA,2019,1122.1133
Nigeria,NGA,2020,1047.2354
North Macedonia,MKD,1990,16.688248
North Macedonia,MKD,1991,14.249403
North Macedonia,MKD,1992,16.396431
North Macedonia,MKD,1993,15.890886
North Macedonia,MKD,1994,14.749082
North Macedonia,MKD,1995,15.64415
North Macedonia,MKD,1996,15.228162
North Macedonia,MKD,1997,14.040535
North Macedonia,MKD,1998,13.748552
North Macedonia,MKD,1999,13.430346
North Macedonia,MKD,2000,12.317949
North Macedonia,MKD,2001,11.552782
North Macedonia,MKD,2002,10.585774
North Macedonia,MKD,2003,10.472263
North Macedonia,MKD,2004,9.0776005
North Macedonia,MKD,2005,8.878761
North Macedonia,MKD,2006,8.086262
North Macedonia,MKD,2007,7.7804604
North Macedonia,MKD,2008,6.910201
North Macedonia,MKD,2009,7.1639237
North Macedonia,MKD,2010,6.322341
North Macedonia,MKD,2011,5.379643
North Macedonia,MKD,2012,4.8238373
North Macedonia,MKD,2013,4.101704
North Macedonia,MKD,2014,4.5802264
North Macedonia,MKD,2015,4.5166883
North Macedonia,MKD,2016,3.4385378
North Macedonia,MKD,2017,3.2915344
North Macedonia,MKD,2018,2.879425
North Macedonia,MKD,2019,3.0859964
North Macedonia,MKD,2020,3.0359654
Norway,NOR,1990,6.8902564
Norway,NOR,1991,6.6328454
Norway,NOR,1992,6.361337
Norway,NOR,1993,6.0930376
Norway,NOR,1994,5.968127
Norway,NOR,1995,5.7327538
Norway,NOR,1996,5.4963636
Norway,NOR,1997,5.3781476
Norway,NOR,1998,4.7903886
Norway,NOR,1999,5.6409454
Norway,NOR,2000,5.7301373
Norway,NOR,2001,5.2088013
Norway,NOR,2002,5.144488
Norway,NOR,2003,5.345357
Norway,NOR,2004,5.53192
Norway,NOR,2005,5.516508
Norway,NOR,2006,5.1504774
Norway,NOR,2007,4.9525437
Norway,NOR,2008,4.5072284
Norway,NOR,2009,4.272851
Norway,NOR,2010,4.020856
Norway,NOR,2011,3.8188903
Norway,NOR,2012,3.1926458
Norway,NOR,2013,3.1322637
Norway,NOR,2014,2.5823915
Norway,NOR,2015,2.4053063
Norway,NOR,2016,2.2324276
Norway,NOR,2017,2.1529326
Norway,NOR,2018,1.9932039
Norway,NOR,2019,1.9422734
Norway,NOR,2020,1.6637414
Pakistan,PAK,1990,356.22772
Pakistan,PAK,1991,360.7
Pakistan,PAK,1992,414.19614
Pakistan,PAK,1993,457.44208
Pakistan,PAK,1994,462.91226
Pakistan,PAK,1995,484.248
Pakistan,PAK,1996,464.83377
Pakistan,PAK,1997,445.2058
Pakistan,PAK,1998,428.93994
Pakistan,PAK,1999,390.91287
Pakistan,PAK,2000,387.37146
Pakistan,PAK,2001,373.34973
Pakistan,PAK,2002,358.77646
Pakistan,PAK,2003,348.82376
Pakistan,PAK,2004,333.67294
Pakistan,PAK,2005,300.7507
Pakistan,PAK,2006,269.8116
Pakistan,PAK,2007,253.22789
Pakistan,PAK,2008,240.69696
Pakistan,PAK,2009,242.79724
Pakistan,PAK,2010,230.48474
Pakistan,PAK,2011,216.52812
Pakistan,PAK,2012,215.96562
Pakistan,PAK,2013,206.11624
Pakistan,PAK,2014,209.74379
Pakistan,PAK,2015,187.44429
Pakistan,PAK,2016,188.01143
Pakistan,PAK,2017,176.62277
Pakistan,PAK,2018,177.72769
Pakistan,PAK,2019,179.2679
Pakistan,PAK,2020,154.16394
Palestine,PSE,1990,86.13365
Palestine,PSE,1991,82.24019
Palestine,PSE,1992,79.245445
Palestine,PSE,1993,76.585365
Palestine,PSE,1994,71.635254
Palestine,PSE,1995,70.25044
Palestine,PSE,1996,66.053925
Palestine,PSE,1997,65.87622
Palestine,PSE,1998,62.31994
Palestine,PSE,1999,62.4779
Palestine,PSE,2000,62.027054
Palestine,PSE,2001,64.42453
Palestine,PSE,2002,63.534016
Palestine,PSE,2003,60.3523
Palestine,PSE,2004,60.107834
Palestine,PSE,2005,54.31418
Palestine,PSE,2006,54.416553
Palestine,PSE,2007,50.874065
Palestine,PSE,2008,49.528347
Palestine,PSE,2009,47.498085
Palestine,PSE,2010,43.44538
Palestine,PSE,2011,40.568314
Palestine,PSE,2012,35.569405
Palestine,PSE,2013,32.13379
Palestine,PSE,2014,30.101398
Palestine,PSE,2015,26.303114
Palestine,PSE,2016,24.435242
Palestine,PSE,2017,21.528212
Palestine,PSE,2018,20.956968
Palestine,PSE,2019,20.220203
Palestine,PSE,2020,20.434313
Panama,PAN,1990,90.13765
Panama,PAN,1991,83.92992
Panama,PAN,1992,82.4354
Panama,PAN,1993,79.97109
Panama,PAN,1994,77.29652
Panama,PAN,1995,75.93558
Panama,PAN,1996,68.644745
Panama,PAN,1997,67.75744
Panama,PAN,1998,66.34898
Panama,PAN,1999,64.96908
Panama,PAN,2000,65.52129
Panama,PAN,2001,63.534367
Panama,PAN,2002,62.12046
Panama,PAN,2003,61.600445
Panama,PAN,2004,58.95152
Panama,PAN,2005,53.359505
Panama,PAN,2006,53.762558
Panama,PAN,2007,53.520676
Panama,PAN,2008,53.484768
Panama,PAN,2009,53.98048
Panama,PAN,2010,54.906483
Panama,PAN,2011,53.79384
Panama,PAN,2012,53.35354
Panama,PAN,2013,51.944294
Panama,PAN,2014,50.36059
Panama,PAN,2015,48.80801
Panama,PAN,2016,48.587982
Panama,PAN,2017,49.413155
Panama,PAN,2018,47.07842
Panama,PAN,2019,50.99978
Panama,PAN,2020,49.517273
Peru,PER,1990,239.96535
Peru,PER,1991,265.1747
Peru,PER,1992,266.44064
Peru,PER,1993,251.99829
Peru,PER,1994,250.12314
Peru,PER,1995,240.01747
Peru,PER,1996,203.33139
Peru,PER,1997,183.48941
Peru,PER,1998,162.71126
Peru,PER,1999,128.33311
Peru,PER,2000,113.27913
Peru,PER,2001,105.61232
Peru,PER,2002,102.22924
Peru,PER,2003,97.89014
Peru,PER,2004,101.33704
Peru,PER,2005,97.42443
Peru,PER,2006,90.47107
Peru,PER,2007,87.27179
Peru,PER,2008,83.65812
Peru,PER,2009,79.98779
Peru,PER,2010,76.37078
Peru,PER,2011,73.46336
Peru,PER,2012,71.58758
Peru,PER,2013,71.01602
Peru,PER,2014,65.30985
Peru,PER,2015,65.026764
Peru,PER,2016,61.72681
Peru,PER,2017,60.816826
Peru,PER,2018,62.554718
Peru,PER,2019,71.99521
Peru,PER,2020,68.53598
Philippines,PHL,1990,193.6047
Philippines,PHL,1991,186.58705
Philippines,PHL,1992,163.19035
Philippines,PHL,1993,159.42065
Philippines,PHL,1994,156.65479
Philippines,PHL,1995,154.39503
Philippines,PHL,1996,141.06956
Philippines,PHL,1997,139.19493
Philippines,PHL,1998,138.21399
Philippines,PHL,1999,137.48337
Philippines,PHL,2000,129.03555
Philippines,PHL,2001,135.58157
Philippines,PHL,2002,125.64582
Philippines,PHL,2003,124.730156
Philippines,PHL,2004,125.22563
Philippines,PHL,2005,122.19361
Philippines,PHL,2006,120.88432
Philippines,PHL,2007,116.51403
Philippines,PHL,2008,106.647285
Philippines,PHL,2009,105.42383
Philippines,PHL,2010,105.00901
Philippines,PHL,2011,107.57535
Philippines,PHL,2012,103.75277
Philippines,PHL,2013,103.44676
Philippines,PHL,2014,89.297104
Philippines,PHL,2015,88.03905
Philippines,PHL,2016,86.32522
Philippines,PHL,2017,84.12247
Philippines,PHL,2018,82.29472
Philippines,PHL,2019,80.726776
Philippines,PHL,2020,78.23626
Portugal,PRT,1990,14.981982
Portugal,PRT,1991,14.614925
Portugal,PRT,1992,14.509552
Portugal,PRT,1993,12.227876
Portugal,PRT,1994,11.730751
Portugal,PRT,1995,11.626681
Portugal,PRT,1996,11.396431
Portugal,PRT,1997,11.343326
Portugal,PRT,1998,10.3507805
Portugal,PRT,1999,9.535427
Portugal,PRT,2000,10.823616
Portugal,PRT,2001,9.4916315
Portugal,PRT,2002,9.069605
Portugal,PRT,2003,8.996178
Portugal,PRT,2004,8.789228
Portugal,PRT,2005,8.96024
Portugal,PRT,2006,8.690105
Portugal,PRT,2007,9.300184
Portugal,PRT,2008,9.165965
Portugal,PRT,2009,9.828244
Portugal,PRT,2010,9.9007845
Portugal,PRT,2011,9.487867
Portugal,PRT,2012,10.350812
Portugal,PRT,2013,8.728792
Portugal,PRT,2014,8.81218
Portugal,PRT,2015,10.403705
Portugal,PRT,2016,10.547099
Portugal,PRT,2017,11.166257
Portugal,PRT,2018,10.980132
Portugal,PRT,2019,11.334371
Portugal,PRT,2020,11.799455
Romania,ROU,1990,126.952675
Romania,ROU,1991,111.7061
Romania,ROU,1992,108.613205
Romania,ROU,1993,85.18976
Romania,ROU,1994,76.96907
Romania,ROU,1995,74.9561
Romania,ROU,1996,77.009186
Romania,ROU,1997,66.84977
Romania,ROU,1998,61.05093
Romania,ROU,1999,57.173508
Romania,ROU,2000,50.21136
Romania,ROU,2001,47.505257
Romania,ROU,2002,47.09216
Romania,ROU,2003,48.167957
Romania,ROU,2004,45.655895
Romania,ROU,2005,36.828552
Romania,ROU,2006,30.8004
Romania,ROU,2007,25.543041
Romania,ROU,2008,23.454342
Romania,ROU,2009,21.149334
Romania,ROU,2010,22.208965
Romania,ROU,2011,18.865942
Romania,ROU,2012,17.887365
Romania,ROU,2013,17.00038
Romania,ROU,2014,15.441002
Romania,ROU,2015,14.756899
Romania,ROU,2016,15.662871
Romania,ROU,2017,12.756586
Romania,ROU,2018,11.401431
Romania,ROU,2019,10.35986
Romania,ROU,2020,10.070802
Samoa,WSM,1990,97.98867
Samoa,WSM,1991,101.27552
Samoa,WSM,1992,96.55713
Samoa,WSM,1993,89.83824
Samoa,WSM,1994,91.37186
Samoa,WSM,1995,90.17256
Samoa,WSM,1996,86.922935
Samoa,WSM,1997,80.77509
Samoa,WSM,1998,79.96757
Samoa,WSM,1999,76.072014
Samoa,WSM,2000,74.52373
Samoa,WSM,2001,73.353386
Samoa,WSM,2002,67.011406
Samoa,WSM,2003,63.63341
Samoa,WSM,2004,61.68023
Samoa,WSM,2005,62.076385
Samoa,WSM,2006,58.18673
Samoa,WSM,2007,58.665173
Samoa,WSM,2008,58.519707
Samoa,WSM,2009,62.365837
Samoa,WSM,2010,61.5952
Samoa,WSM,2011,58.507458
Samoa,WSM,2012,62.819454
Samoa,WSM,2013,58.28421
Samoa,WSM,2014,59.791553
Samoa,WSM,2015,58.000202
Samoa,WSM,2016,57.27888
Samoa,WSM,2017,58.591885
Samoa,WSM,2018,58.08098
Samoa,WSM,2019,66.35197
Samoa,WSM,2020,59.079075
Senegal,SEN,1990,553.45447
Senegal,SEN,1991,567.89307
Senegal,SEN,1992,587.40515
Senegal,SEN,1993,583.30054
Senegal,SEN,1994,605.3099
Senegal,SEN,1995,617.0684
Senegal,SEN,1996,606.1549
Senegal,SEN,1997,606.4842
Senegal,SEN,1998,623.9608
Senegal,SEN,1999,628.2973
Senegal,SEN,2000,638.37195
Senegal,SEN,2001,596.2206
Senegal,SEN,2002,597.8275
Senegal,SEN,2003,564.8035
Senegal,SEN,2004,549.70306
Senegal,SEN,2005,518.59344
Senegal,SEN,2006,489.79214
Senegal,SEN,2007,476.73383
Senegal,SEN,2008,490.84802
Senegal,SEN,2009,471.25464
Senegal,SEN,2010,450.0851
Senegal,SEN,2011,417.48672
Senegal,SEN,2012,393.8565
Senegal,SEN,2013,352.99445
Senegal,SEN,2014,345.76083
Senegal,SEN,2015,320.8529
Senegal,SEN,2016,280.3531
Senegal,SEN,2017,278.22034
Senegal,SEN,2018,277.48837
Senegal,SEN,2019,257.61148
Senegal,SEN,2020,260.8806
Seychelles,SYC,1990,40.814056
Seychelles,SYC,1991,40.27399
Seychelles,SYC,1992,31.689037
Seychelles,SYC,1993,29.745895
Seychelles,SYC,1994,31.81086
Seychelles,SYC,1995,30.36348
Seychelles,SYC,1996,29.313515
Seychelles,SYC,1997,48.939774
Seychelles,SYC,1998,43.38971
Seychelles,SYC,1999,46.133266
Seychelles,SYC,2000,44.31743
Seychelles,SYC,2001,37.774582
Seychelles,SYC,2002,35.438015
Seychelles,SYC,2003,34.15615
Seychelles,SYC,2004,30.655891
Seychelles,SYC,2005,14.964671
Seychelles,SYC,2006,13.807281
Seychelles,SYC,2007,12.693783
Seychelles,SYC,2008,11.303183
Seychelles,SYC,2009,10.370843
Seychelles,SYC,2010,8.202178
Seychelles,SYC,2011,8.207625
Seychelles,SYC,2012,6.820836
Seychelles,SYC,2013,5.987009
Seychelles,SYC,2014,5.059577
Seychelles,SYC,2015,4.7083683
Seychelles,SYC,2016,5.1347313
Seychelles,SYC,2017,4.6261563
Seychelles,SYC,2018,3.5403209
Seychelles,SYC,2019,3.0731246
Seychelles,SYC,2020,3.3332093
Sierra Leone,SLE,1990,1538.884
Sierra Leone,SLE,1991,1599.8248
Sierra Leone,SLE,1992,1618.0408
Sierra Leone,SLE,1993,1656.5543
Sierra Leone,SLE,1994,1749.9011
Sierra Leone,SLE,1995,1768.2793
Sierra Leone,SLE,1996,1743.6025
Sierra Leone,SLE,1997,1764.3162
Sierra Leone,SLE,1998,1784.006
Sierra Leone,SLE,1999,1792.3467
Sierra Leone,SLE,2000,1682.4491
Sierra Leone,SLE,2001,1610.2911
Sierra Leone,SLE,2002,1492.6749
Sierra Leone,SLE,2003,1450.587
Sierra Leone,SLE,2004,1366.8959
Sierra Leone,SLE,2005,1327.3706
Sierra Leone,SLE,2006,1224.7803
Sierra Leone,SLE,2007,1125.0148
Sierra Leone,SLE,2008,972.63556
Sierra Leone,SLE,2009,901.0424
Sierra Leone,SLE,2010,837.354
Sierra Leone,SLE,2011,727.5751
Sierra Leone,SLE,2012,666.8588
Sierra Leone,SLE,2013,632.12946
Sierra Leone,SLE,2014,618.31696
Sierra Leone,SLE,2015,588.3934
Sierra Leone,SLE,2016,504.9114
Sierra Leone,SLE,2017,520.2839
Sierra Leone,SLE,2018,459.50473
Sierra Leone,SLE,2019,435.23587
Sierra Leone,SLE,2020,442.8304
Slovenia,SVN,1990,12.656847
Slovenia,SVN,1991,13.067245
Slovenia,SVN,1992,13.69373
Slovenia,SVN,1993,13.995866
Slovenia,SVN,1994,13.348543
Slovenia,SVN,1995,13.629363
Slovenia,SVN,1996,13.082703
Slovenia,SVN,1997,13.65471
Slovenia,SVN,1998,10.571852
Slovenia,SVN,1999,10.056857
Slovenia,SVN,2000,11.927716
Slovenia,SVN,2001,8.783966
Slovenia,SVN,2002,8.480008
Slovenia,SVN,2003,8.786046
Slovenia,SVN,2004,9.562208
Slovenia,SVN,2005,9.243438
Slovenia,SVN,2006,7.6920123
Slovenia,SVN,2007,6.958285
Slovenia,SVN,2008,5.936532
Slovenia,SVN,2009,6.837798
Slovenia,SVN,2010,6.036748
Slovenia,SVN,2011,6.0854073
Slovenia,SVN,2012,5.8347216
Slovenia,SVN,2013,5.422897
Slovenia,SVN,2014,5.010551
Slovenia,SVN,2015,5.0382833
Slovenia,SVN,2016,4.633402
Slovenia,SVN,2017,4.434364
Slovenia,SVN,2018,4.366176
Slovenia,SVN,2019,3.467772
Slovenia,SVN,2020,4.533144
South Korea,KOR,1990,30.794752
South Korea,KOR,1991,27.899029
South Korea,KOR,1992,25.813017
South Korea,KOR,1993,25.508419
South Korea,KOR,1994,21.34876
South Korea,KOR,1995,20.908749
South Korea,KOR,1996,20.803003
South Korea,KOR,1997,19.970932
South Korea,KOR,1998,19.637407
South Korea,KOR,1999,19.158325
South Korea,KOR,2000,15.5411005
South Korea,KOR,2001,15.488658
South Korea,KOR,2002,16.55357
South Korea,KOR,2003,13.2610655
South Korea,KOR,2004,12.771839
South Korea,KOR,2005,12.406346
South Korea,KOR,2006,11.183095
South Korea,KOR,2007,10.096533
South Korea,KOR,2008,9.40624
South Korea,KOR,2009,8.899746
South Korea,KOR,2010,8.238204
South Korea,KOR,2011,9.603593
South Korea,KOR,2012,9.118777
South Korea,KOR,2013,6.94965
South Korea,KOR,2014,6.427727
South Korea,KOR,2015,6.2038794
South Korea,KOR,2016,6.084099
South Korea,KOR,2017,6.1849794
South Korea,KOR,2018,6.411811
South Korea,KOR,2019,6.3600454
South Korea,KOR,2020,8.1156225
Spain,ESP,1990,5.821867
Spain,ESP,1991,6.041324
Spain,ESP,1992,5.8150096
Spain,ESP,1993,5.9765325
Spain,ESP,1994,6.2479196
Spain,ESP,1995,6.4267116
Spain,ESP,1996,6.4358115
Spain,ESP,1997,5.6606927
Spain,ESP,1998,4.2850823
Spain,ESP,1999,5.2533383
Spain,ESP,2000,5.038312
Spain,ESP,2001,5.009696
Spain,ESP,2002,4.864584
Spain,ESP,2003,4.944732
Spain,ESP,2004,4.5534754
Spain,ESP,2005,4.489062
Spain,ESP,2006,4.3039026
Spain,ESP,2007,4.1618214
Spain,ESP,2008,4.0019207
Spain,ESP,2009,4.0997486
Spain,ESP,2010,3.9194467
Spain,ESP,2011,4.0711937
Spain,ESP,2012,4.058816
Spain,ESP,2013,4.1175437
Spain,ESP,2014,4.0063787
Spain,ESP,2015,3.8808594
Spain,ESP,2016,3.8303864
Spain,ESP,2017,3.9711814
Spain,ESP,2018,4.0544796
Spain,ESP,2019,3.1676915
Spain,ESP,2020,3.4412515
Sri Lanka,LKA,1990,59.341675
Sri Lanka,LKA,1991,59.022144
Sri Lanka,LKA,1992,56.46633
Sri Lanka,LKA,1993,55.796547
Sri Lanka,LKA,1994,50.687283
Sri Lanka,LKA,1995,51.977013
Sri Lanka,LKA,1996,52.69202
Sri Lanka,LKA,1997,52.710255
Sri Lanka,LKA,1998,46.997013
Sri Lanka,LKA,1999,50.500797
Sri Lanka,LKA,2000,61.07661
Sri Lanka,LKA,2001,54.696457
Sri Lanka,LKA,2002,51.990627
Sri Lanka,LKA,2003,49.73638
Sri Lanka,LKA,2004,48.099014
Sri Lanka,LKA,2005,44.01376
Sri Lanka,LKA,2006,40.74859
Sri Lanka,LKA,2007,39.462063
Sri Lanka,LKA,2008,39.626522
Sri Lanka,LKA,2009,39.129974
Sri Lanka,LKA,2010,37.262035
Sri Lanka,LKA,2011,36.129845
Sri Lanka,LKA,2012,34.627243
Sri Lanka,LKA,2013,33.438427
Sri Lanka,LKA,2014,30.16497
Sri Lanka,LKA,2015,30.368523
Sri Lanka,LKA,2016,29.80509
Sri Lanka,LKA,2017,30.616962
Sri Lanka,LKA,2018,30.29092
Sri Lanka,LKA,2019,29.820972
Sri Lanka,LKA,2020,28.842306
Sudan,SDN,1990,980.3999
Sudan,SDN,1991,963.90314
Sudan,SDN,1992,1125.1826
Sudan,SDN,1993,1100.822
Sudan,SDN,1994,770.8459
Sudan,SDN,1995,893.17865
Sudan,SDN,1996,858.0292
Sudan,SDN,1997,840.4146
Sudan,SDN,1998,972.62384
Sudan,SDN,1999,692.5236
Sudan,SDN,2000,642.18475
Sudan,SDN,2001,636.00433
Sudan,SDN,2002,624.4416
Sudan,SDN,2003,597.7093
Sudan,SDN,2004,563.764
Sudan,SDN,2005,525.3036
Sudan,SDN,2006,498.8823
Sudan,SDN,2007,443.03192
Sudan,SDN,2008,450.03226
Sudan,SDN,2009,394.13058
Sudan,SDN,2010,383.37805
Sudan,SDN,2011,353.95258
Sudan,SDN,2012,329.51593
Sudan,SDN,2013,322.91
Sudan,SDN,2014,300.7904
Sudan,SDN,2015,298.29257
Sudan,SDN,2016,301.44907
Sudan,SDN,2017,289.6414
Sudan,SDN,2018,292.99188
Sudan,SDN,2019,297.98605
Sudan,SDN,2020,270.35535
Suriname,SUR,1990,372.74902
Suriname,SUR,1991,373.9232
Suriname,SUR,1992,373.9371
Suriname,SUR,1993,371.49118
Suriname,SUR,1994,362.8656
Suriname,SUR,1995,356.9548
Suriname,SUR,1996,311.4589
Suriname,SUR,1997,308.43558
Suriname,SUR,1998,307.3795
Suriname,SUR,1999,283.78915
Suriname,SUR,2000,278.23636
Suriname,SUR,2001,273.59506
Suriname,SUR,2002,260.11026
Suriname,SUR,2003,249.93709
Suriname,SUR,2004,228.97339
Suriname,SUR,2005,190.24297
Suriname,SUR,2006,192.28746
Suriname,SUR,2007,180.7464
Suriname,SUR,2008,168.68689
Suriname,SUR,2009,153.37115
Suriname,SUR,2010,138.30629
Suriname,SUR,2011,130.67004
Suriname,SUR,2012,130.63916
Suriname,SUR,2013,133.4904
Suriname,SUR,2014,135.08539
Suriname,SUR,2015,124.59628
Suriname,SUR,2016,105.23458
Suriname,SUR,2017,99.23462
Suriname,SUR,2018,97.626686
Suriname,SUR,2019,100.03647
Suriname,SUR,2020,96.45955
Sweden,SWE,1990,6.928258
Sweden,SWE,1991,6.841562
Sweden,SWE,1992,6.6949673
Sweden,SWE,1993,6.934295
Sweden,SWE,1994,6.2913156
Sweden,SWE,1995,6.342004
Sweden,SWE,1996,6.4563656
Sweden,SWE,1997,6.477574
Sweden,SWE,1998,5.4444733
Sweden,SWE,1999,5.567468
Sweden,SWE,2000,6.1463766
Sweden,SWE,2001,5.817198
Sweden,SWE,2002,5.670674
Sweden,SWE,2003,5.5996857
Sweden,SWE,2004,5.2790623
Sweden,SWE,2005,5.080043
Sweden,SWE,2006,5.154097
Sweden,SWE,2007,5.073368
Sweden,SWE,2008,5.0075545
Sweden,SWE,2009,4.9649205
Sweden,SWE,2010,4.530807
Sweden,SWE,2011,4.8888597
Sweden,SWE,2012,4.927526
Sweden,SWE,2013,4.927984
Sweden,SWE,2014,4.7789364
Sweden,SWE,2015,4.446441
Sweden,SWE,2016,4.422984
Sweden,SWE,2017,4.5124884
Sweden,SWE,2018,4.534765
Sweden,SWE,2019,4.5291615
Sweden,SWE,2020,4.507839
Switzerland,CHE,1990,10.499369
Switzerland,CHE,1991,10.082073
Switzerland,CHE,1992,9.861216
Switzerland,CHE,1993,10.393122
Switzerland,CHE,1994,10.611322
Switzerland,CHE,1995,10.803006
Switzerland,CHE,1996,9.5744915
Switzerland,CHE,1997,9.767166
Switzerland,CHE,1998,7.863416
Switzerland,CHE,1999,8.107548
Switzerland,CHE,2000,7.9042387
Switzerland,CHE,2001,8.552483
Switzerland,CHE,2002,9.188788
Switzerland,CHE,2003,8.866634
Switzerland,CHE,2004,8.942372
Switzerland,CHE,2005,9.384615
Switzerland,CHE,2006,8.906439
Switzerland,CHE,2007,8.370134
Switzerland,CHE,2008,8.2442875
Switzerland,CHE,2009,7.82125
Switzerland,CHE,2010,8.119124
Switzerland,CHE,2011,8.1103735
Switzerland,CHE,2012,7.393047
Switzerland,CHE,2013,7.2377806
Switzerland,CHE,2014,6.701007
Switzerland,CHE,2015,6.4625826
Switzerland,CHE,2016,8.056412
Switzerland,CHE,2017,6.1441317
Switzerland,CHE,2018,7.4348674
Switzerland,CHE,2019,7.1045384
Switzerland,CHE,2020,7.3787546
Syria,SYR,1990,43.1635
Syria,SYR,1991,41.344936
Syria,SYR,1992,39.29179
Syria,SYR,1993,39.665676
Syria,SYR,1994,40.17226
Syria,SYR,1995,36.45121
Syria,SYR,1996,37.689747
Syria,SYR,1997,36.77062
Syria,SYR,1998,38.02095
Syria,SYR,1999,35.649704
Syria,SYR,2000,33.697945
Syria,SYR,2001,29.312336
Syria,SYR,2002,26.1553
Syria,SYR,2003,23.708742
Syria,SYR,2004,24.771204
Syria,SYR,2005,23.495876
Syria,SYR,2006,21.463285
Syria,SYR,2007,20.531965
Syria,SYR,2008,21.798
Syria,SYR,2009,20.271557
Syria,SYR,2010,21.297922
Syria,SYR,2011,23.731134
Syria,SYR,2012,25.704975
Syria,SYR,2013,28.784449
Syria,SYR,2014,29.480343
Syria,SYR,2015,30.482605
Syria,SYR,2016,28.85131
Syria,SYR,2017,30.534977
Syria,SYR,2018,31.331284
Syria,SYR,2019,33.044685
Syria,SYR,2020,29.917326
Tanzania,TZA,1990,845.3861
Tanzania,TZA,1991,848.7042
Tanzania,TZA,1992,870.08325
Tanzania,TZA,1993,892.9978
Tanzania,TZA,1994,855.0743
Tanzania,TZA,1995,863.3862
Tanzania,TZA,1996,862.70514
Tanzania,TZA,1997,872.148
Tanzania,TZA,1998,863.31384
Tanzania,TZA,1999,791.2755
Tanzania,TZA,2000,760.08026
Tanzania,TZA,2001,707.27405
Tanzania,TZA,2002,672.19794
Tanzania,TZA,2003,625.1099
Tanzania,TZA,2004,588.0528
Tanzania,TZA,2005,559.39307
Tanzania,TZA,2006,546.7342
Tanzania,TZA,2007,566.03656
Tanzania,TZA,2008,604.6388
Tanzania,TZA,2009,556.1965
Tanzania,TZA,2010,485.92435
Tanzania,TZA,2011,458.0611
Tanzania,TZA,2012,393.65463
Tanzania,TZA,2013,379.70218
Tanzania,TZA,2014,352.0743
Tanzania,TZA,2015,329.54633
Tanzania,TZA,2016,297.5528
Tanzania,TZA,2017,280.37372
Tanzania,TZA,2018,266.82196
Tanzania,TZA,2019,261.8509
Tanzania,TZA,2020,238.29881
Thailand,THA,1990,59.96204
Thailand,THA,1991,58.18795
Thailand,THA,1992,56.49718
Thailand,THA,1993,54.70147
Thailand,THA,1994,47.39316
Thailand,THA,1995,47.439323
Thailand,THA,1996,45.114315
Thailand,THA,1997,44.220257
Thailand,THA,1998,39.796627
Thailand,THA,1999,44.93868
Thailand,THA,2000,48.207428
Thailand,THA,2001,48.283672
Thailand,THA,2002,39.70254
Thailand,THA,2003,39.681244
Thailand,THA,2004,42.299503
Thailand,THA,2005,39.52228
Thailand,THA,2006,37.866856
Thailand,THA,2007,37.990776
Thailand,THA,2008,37.487816
Thailand,THA,2009,36.837395
Thailand,THA,2010,35.334446
Thailand,THA,2011,33.527393
Thailand,THA,2012,32.161743
Thailand,THA,2013,31.459574
Thailand,THA,2014,30.709183
Thailand,THA,2015,30.154488
Thailand,THA,2016,29.014278
Thailand,THA,2017,28.730652
Thailand,THA,2018,28.804407
Thailand,THA,2019,28.839975
Thailand,THA,2020,28.600433
Togo,TGO,1990,591.07166
Togo,TGO,1991,575.28564
Togo,TGO,1992,586.02997
Togo,TGO,1993,591.4356
Togo,TGO,1994,564.7933
Togo,TGO,1995,553.9349
Togo,TGO,1996,544.5196
Togo,TGO,1997,534.59906
Togo,TGO,1998,534.1153
Togo,TGO,1999,495.68616
Togo,TGO,2000,479.33777
Togo,TGO,2001,478.5595
Togo,TGO,2002,461.19785
Togo,TGO,2003,457.51514
Togo,TGO,2004,489.64276
Togo,TGO,2005,494.4518
Togo,TGO,2006,517.4053
Togo,TGO,2007,515.386
Togo,TGO,2008,528.1141
Togo,TGO,2009,517.9403
Togo,TGO,2010,530.2921
Togo,TGO,2011,499.77847
Togo,TGO,2012,510.6789
Togo,TGO,2013,493.40314
Togo,TGO,2014,491.34827
Togo,TGO,2015,440.80606
Togo,TGO,2016,438.79565
Togo,TGO,2017,425.42966
Togo,TGO,2018,434.5416
Togo,TGO,2019,418.26276
Togo,TGO,2020,399.03983
Tonga,TON,1990,116.62584
Tonga,TON,1991,113.06913
Tonga,TON,1992,112.05388
Tonga,TON,1993,107.72767
Tonga,TON,1994,106.405045
Tonga,TON,1995,105.08315
Tonga,TON,1996,99.601204
Tonga,TON,1997,96.282234
Tonga,TON,1998,95.68893
Tonga,TON,1999,95.267586
Tonga,TON,2000,94.13625
Tonga,TON,2001,95.055664
Tonga,TON,2002,94.14018
Tonga,TON,2003,93.77125
Tonga,TON,2004,94.97705
Tonga,TON,2005,94.913124
Tonga,TON,2006,98.89569
Tonga,TON,2007,97.09368
Tonga,TON,2008,97.14145
Tonga,TON,2009,102.51873
Tonga,TON,2010,93.21016
Tonga,TON,2011,92.62318
Tonga,TON,2012,92.21047
Tonga,TON,2013,92.867836
Tonga,TON,2014,94.13238
Tonga,TON,2015,86.411766
Tonga,TON,2016,84.37877
Tonga,TON,2017,83.98709
Tonga,TON,2018,83.91316
Tonga,TON,2019,125.40065
Tonga,TON,2020,125.63764
Tunisia,TUN,1990,89.80588
Tunisia,TUN,1991,84.63934
Tunisia,TUN,1992,88.98559
Tunisia,TUN,1993,80.525955
Tunisia,TUN,1994,81.81344
Tunisia,TUN,1995,75.13393
Tunisia,TUN,1996,77.2183
Tunisia,TUN,1997,70.33219
Tunisia,TUN,1998,67.87907
Tunisia,TUN,1999,61.647488
Tunisia,TUN,2000,61.524525
Tunisia,TUN,2001,61.94047
Tunisia,TUN,2002,61.330288
Tunisia,TUN,2003,59.62745
Tunisia,TUN,2004,58.007946
Tunisia,TUN,2005,56.26467
Tunisia,TUN,2006,54.62103
Tunisia,TUN,2007,52.71191
Tunisia,TUN,2008,50.376373
Tunisia,TUN,2009,46.98267
Tunisia,TUN,2010,43.93077
Tunisia,TUN,2011,46.019775
Tunisia,TUN,2012,43.46059
Tunisia,TUN,2013,41.598137
Tunisia,TUN,2014,40.56089
Tunisia,TUN,2015,39.812748
Tunisia,TUN,2016,37.775417
Tunisia,TUN,2017,37.99607
Tunisia,TUN,2018,39.022385
Tunisia,TUN,2019,39.81871
Tunisia,TUN,2020,36.625584
Turkey,TUR,1990,42.789597
Turkey,TUR,1991,42.03231
Turkey,TUR,1992,42.936123
Turkey,TUR,1993,41.60429
Turkey,TUR,1994,40.825817
Turkey,TUR,1995,37.016
Turkey,TUR,1996,35.575478
Turkey,TUR,1997,35.43555
Turkey,TUR,1998,34.898224
Turkey,TUR,1999,32.402214
Turkey,TUR,2000,31.699001
Turkey,TUR,2001,30.3656
Turkey,TUR,2002,28.6153
Turkey,TUR,2003,28.498718
Turkey,TUR,2004,26.840485
Turkey,TUR,2005,25.405834
Turkey,TUR,2006,24.13056
Turkey,TUR,2007,23.393373
Turkey,TUR,2008,22.793474
Turkey,TUR,2009,22.243416
Turkey,TUR,2010,22.081305
Turkey,TUR,2011,22.631388
Turkey,TUR,2012,21.03112
Turkey,TUR,2013,19.994059
Turkey,TUR,2014,19.462902
Turkey,TUR,2015,19.384705
Turkey,TUR,2016,19.607624
Turkey,TUR,2017,16.895704
Turkey,TUR,2018,16.87219
Turkey,TUR,2019,17.008928
Turkey,TUR,2020,17.33207
Turkmenistan,TKM,1990,72.754745
Turkmenistan,TKM,1991,67.750015
Turkmenistan,TKM,1992,66.23186
Turkmenistan,TKM,1993,61.445644
Turkmenistan,TKM,1994,56.516636
Turkmenistan,TKM,1995,54.08086
Turkmenistan,TKM,1996,48.749252
Turkmenistan,TKM,1997,40.747276
Turkmenistan,TKM,1998,35.63595
Turkmenistan,TKM,1999,28.987188
Turkmenistan,TKM,2000,26.097494
Turkmenistan,TKM,2001,25.013838
Turkmenistan,TKM,2002,21.686407
Turkmenistan,TKM,2003,19.725815
Turkmenistan,TKM,2004,17.801453
Turkmenistan,TKM,2005,16.764992
Turkmenistan,TKM,2006,14.624349
Turkmenistan,TKM,2007,12.859046
Turkmenistan,TKM,2008,11.101537
Turkmenistan,TKM,2009,10.306997
Turkmenistan,TKM,2010,8.830767
Turkmenistan,TKM,2011,7.625664
Turkmenistan,TKM,2012,7.3321667
Turkmenistan,TKM,2013,6.6519713
Turkmenistan,TKM,2014,6.165672
Turkmenistan,TKM,2015,5.761661
Turkmenistan,TKM,2016,5.678853
Turkmenistan,TKM,2017,4.985303
Turkmenistan,TKM,2018,5.000818
Turkmenistan,TKM,2019,4.915799
Turkmenistan,TKM,2020,5.148083
Uganda,UGA,1990,602.28687
Uganda,UGA,1991,594.1673
Uganda,UGA,1992,578.4658
Uganda,UGA,1993,583.1076
Uganda,UGA,1994,561.89856
Uganda,UGA,1995,541.57025
Uganda,UGA,1996,526.4581
Uganda,UGA,1997,518.22003
Uganda,UGA,1998,486.0344
Uganda,UGA,1999,467.82474
Uganda,UGA,2000,461.45953
Uganda,UGA,2001,452.76834
Uganda,UGA,2002,452.50095
Uganda,UGA,2003,448.62927
Uganda,UGA,2004,442.41534
Uganda,UGA,2005,435.3547
Uganda,UGA,2006,416.23303
Uganda,UGA,2007,381.81735
Uganda,UGA,2008,390.76474
Uganda,UGA,2009,391.41635
Uganda,UGA,2010,371.98697
Uganda,UGA,2011,358.5249
Uganda,UGA,2012,334.36887
Uganda,UGA,2013,310.613
Uganda,UGA,2014,331.5632
Uganda,UGA,2015,318.52362
Uganda,UGA,2016,310.72708
Uganda,UGA,2017,312.8546
Uganda,UGA,2018,283.32196
Uganda,UGA,2019,291.6417
Uganda,UGA,2020,284.14078
Ukraine,UKR,1990,45.318787
Ukraine,UKR,1991,44.877663
Ukraine,UKR,1992,45.684116
Ukraine,UKR,1993,51.014847
Ukraine,UKR,1994,46.247646
Ukraine,UKR,1995,51.752342
Ukraine,UKR,1996,52.396404
Ukraine,UKR,1997,40.553467
Ukraine,UKR,1998,38.735607
Ukraine,UKR,1999,38.61496
Ukraine,UKR,2000,35.83351
Ukraine,UKR,2001,32.01638
Ukraine,UKR,2002,27.787132
Ukraine,UKR,2003,24.972815
Ukraine,UKR,2004,21.695845
Ukraine,UKR,2005,20.545982
Ukraine,UKR,2006,22.696247
Ukraine,UKR,2007,20.989285
Ukraine,UKR,2008,18.837124
Ukraine,UKR,2009,17.047537
Ukraine,UKR,2010,16.89622
Ukraine,UKR,2011,15.024555
Ukraine,UKR,2012,16.753998
Ukraine,UKR,2013,16.448982
Ukraine,UKR,2014,12.14538
Ukraine,UKR,2015,11.105476
Ukraine,UKR,2016,10.312097
Ukraine,UKR,2017,10.508445
Ukraine,UKR,2018,11.274244
Ukraine,UKR,2019,9.261322
Ukraine,UKR,2020,16.540369
United Kingdom,GBR,1990,9.532358
United Kingdom,GBR,1991,9.805634
United Kingdom,GBR,1992,8.686626
United Kingdom,GBR,1993,9.096584
United Kingdom,GBR,1994,9.368322
United Kingdom,GBR,1995,9.733994
United Kingdom,GBR,1996,9.750408
United Kingdom,GBR,1997,9.805708
United Kingdom,GBR,1998,9.936793
United Kingdom,GBR,1999,10.38851
United Kingdom,GBR,2000,10.977165
United Kingdom,GBR,2001,11.086224
United Kingdom,GBR,2002,11.476644
United Kingdom,GBR,2003,11.340939
United Kingdom,GBR,2004,11.06449
United Kingdom,GBR,2005,11.045703
United Kingdom,GBR,2006,10.9554615
United Kingdom,GBR,2007,10.65385
United Kingdom,GBR,2008,10.522921
United Kingdom,GBR,2009,10.103749
United Kingdom,GBR,2010,9.531991
United Kingdom,GBR,2011,9.05449
United Kingdom,GBR,2012,8.30973
United Kingdom,GBR,2013,8.359581
United Kingdom,GBR,2014,8.458806
United Kingdom,GBR,2015,8.391138
United Kingdom,GBR,2016,8.513193
United Kingdom,GBR,2017,8.518763
United Kingdom,GBR,2018,9.209214
United Kingdom,GBR,2019,9.223602
United Kingdom,GBR,2020,9.84248
United States,USA,1990,10.039863
United States,USA,1991,10.273819
United States,USA,1992,10.299621
United States,USA,1993,10.785038
United States,USA,1994,11.049206
United States,USA,1995,11.327949
United States,USA,1996,11.1208
United States,USA,1997,10.933628
United States,USA,1998,10.902584
United States,USA,1999,11.460322
United States,USA,2000,11.825416
United States,USA,2001,12.526937
United States,USA,2002,12.881137
United States,USA,2003,13.174967
United States,USA,2004,13.095221
United States,USA,2005,13.280294
United States,USA,2006,13.196189
United States,USA,2007,13.217258
United States,USA,2008,13.973742
United States,USA,2009,15.407203
United States,USA,2010,14.075043
United States,USA,2011,15.2635975
United States,USA,2012,15.820925
United States,USA,2013,16.416082
United States,USA,2014,16.783852
United States,USA,2015,17.377954
United States,USA,2016,18.447395
United States,USA,2017,19.143154
United States,USA,2018,19.452078
United States,USA,2019,19.852346
United States,USA,2020,21.084906
Uruguay,URY,1990,37.772785
Uruguay,URY,1991,35.81583
Uruguay,URY,1992,34.24227
Uruguay,URY,1993,32.762955
Uruguay,URY,1994,31.131098
Uruguay,URY,1995,29.111267
Uruguay,URY,1996,28.244295
Uruguay,URY,1997,27.651602
Uruguay,URY,1998,27.13089
Uruguay,URY,1999,26.617558
Uruguay,URY,2000,26.573479
Uruguay,URY,2001,23.50551
Uruguay,URY,2002,22.38272
Uruguay,URY,2003,22.325827
Uruguay,URY,2004,21.374083
Uruguay,URY,2005,20.37539
Uruguay,URY,2006,19.870277
Uruguay,URY,2007,19.307873
Uruguay,URY,2008,18.974514
Uruguay,URY,2009,18.367128
Uruguay,URY,2010,17.757196
Uruguay,URY,2011,17.403322
Uruguay,URY,2012,16.934158
Uruguay,URY,2013,16.66852
Uruguay,URY,2014,16.855927
Uruguay,URY,2015,16.886463
Uruguay,URY,2016,17.346434
Uruguay,URY,2017,16.402637
Uruguay,URY,2018,18.063942
Uruguay,URY,2019,20.070677
Uruguay,URY,2020,18.638363
Uzbekistan,UZB,1990,61.17491
Uzbekistan,UZB,1991,57.207874
Uzbekistan,UZB,1992,51.80834
Uzbekistan,UZB,1993,48.00952
Uzbekistan,UZB,1994,47.131447
Uzbekistan,UZB,1995,42.809185
Uzbekistan,UZB,1996,43.25583
Uzbekistan,UZB,1997,42.08603
Uzbekistan,UZB,1998,41.61582
Uzbekistan,UZB,1999,40.42654
Uzbekistan,UZB,2000,42.646996
Uzbekistan,UZB,2001,40.28183
Uzbekistan,UZB,2002,41.287518
Uzbekistan,UZB,2003,42.90228
Uzbekistan,UZB,2004,42.497417
Uzbekistan,UZB,2005,45.119728
Uzbekistan,UZB,2006,43.912548
Uzbekistan,UZB,2007,40.96167
Uzbekistan,UZB,2008,38.47462
Uzbekistan,UZB,2009,37.883907
Uzbekistan,UZB,2010,37.77097
Uzbekistan,UZB,2011,37.135418
Uzbekistan,UZB,2012,35.982048
Uzbekistan,UZB,2013,33.78471
Uzbekistan,UZB,2014,31.67814
Uzbekistan,UZB,2015,30.687843
Uzbekistan,UZB,2016,30.283514
Uzbekistan,UZB,2017,29.709887
Uzbekistan,UZB,2018,30.710342
Uzbekistan,UZB,2019,29.838999
Uzbekistan,UZB,2020,30.178492
Vanuatu,VUT,1990,110.82674
Vanuatu,VUT,1991,110.9323
Vanuatu,VUT,1992,110.823204
Vanuatu,VUT,1993,112.26018
Vanuatu,VUT,1994,112.64324
Vanuatu,VUT,1995,110.71778
Vanuatu,VUT,1996,105.28857
Vanuatu,VUT,1997,107.912674
Vanuatu,VUT,1998,103.69856
Vanuatu,VUT,1999,118.41556
Vanuatu,VUT,2000,108.714294
Vanuatu,VUT,2001,98.22948
Vanuatu,VUT,2002,95.61281
Vanuatu,VUT,2003,96.73306
Vanuatu,VUT,2004,96.61606
Vanuatu,VUT,2005,97.5368
Vanuatu,VUT,2006,97.49601
Vanuatu,VUT,2007,97.9556
Vanuatu,VUT,2008,86.39318
Vanuatu,VUT,2009,87.8956
Vanuatu,VUT,2010,93.05518
Vanuatu,VUT,2011,95.07076
Vanuatu,VUT,2012,86.59855
Vanuatu,VUT,2013,86.853004
Vanuatu,VUT,2014,92.41113
Vanuatu,VUT,2015,91.89844
Vanuatu,VUT,2016,94.22903
Vanuatu,VUT,2017,94.29133
Vanuatu,VUT,2018,96.58236
Vanuatu,VUT,2019,92.777275
Vanuatu,VUT,2020,94.44282
Venezuela,VEN,1990,100.69904
Venezuela,VEN,1991,92.36394
Venezuela,VEN,1992,96.16862
Venezuela,VEN,1993,96.39916
Venezuela,VEN,1994,92.3853
Venezuela,VEN,1995,94.205376
Venezuela,VEN,1996,98.61096
Venezuela,VEN,1997,95.64957
Venezuela,VEN,1998,89.06877
Venezuela,VEN,1999,97.23984
Venezuela,VEN,2000,92.4087
Venezuela,VEN,2001,107.495186
Venezuela,VEN,2002,99.52492
Venezuela,VEN,2003,108.68434
Venezuela,VEN,2004,106.739975
Venezuela,VEN,2005,95.36842
Venezuela,VEN,2006,95.823135
Venezuela,VEN,2007,97.21888
Venezuela,VEN,2008,105.269196
Venezuela,VEN,2009,109.54586
Venezuela,VEN,2010,112.200714
Venezuela,VEN,2011,118.35153
Venezuela,VEN,2012,118.61577
Venezuela,VEN,2013,124.45976
Venezuela,VEN,2014,119.05845
Venezuela,VEN,2015,125.77012
Venezuela,VEN,2016,150.41739
Venezuela,VEN,2017,174.80872
Venezuela,VEN,2018,179.33174
Venezuela,VEN,2019,176.52684
Venezuela,VEN,2020,259.18643
Vietnam,VNM,1990,114.23398
Vietnam,VNM,1991,101.44709
Vietnam,VNM,1992,104.70667
Vietnam,VNM,1993,93.76945
Vietnam,VNM,1994,91.14422
Vietnam,VNM,1995,92.926834
Vietnam,VNM,1996,92.05101
Vietnam,VNM,1997,89.59784
Vietnam,VNM,1998,90.562096
Vietnam,VNM,1999,90.43678
Vietnam,VNM,2000,88.46067
Vietnam,VNM,2001,75.50317
Vietnam,VNM,2002,72.05686
Vietnam,VNM,2003,69.819214
Vietnam,VNM,2004,66.90947
Vietnam,VNM,2005,65.997215
Vietnam,VNM,2006,65.809395
Vietnam,VNM,2007,63.713566
Vietnam,VNM,2008,62.11956
Vietnam,VNM,2009,61.07791
Vietnam,VNM,2010,60.04697
Vietnam,VNM,2011,57.835896
Vietnam,VNM,2012,56.253845
Vietnam,VNM,2013,54.424683
Vietnam,VNM,2014,52.931446
Vietnam,VNM,2015,51.86714
Vietnam,VNM,2016,51.353523
Vietnam,VNM,2017,51.51082
Vietnam,VNM,2018,51.061047
Vietnam,VNM,2019,50.43643
Vietnam,VNM,2020,45.530025
Yemen,YEM,1990,383.90952
Yemen,YEM,1991,369.3595
Yemen,YEM,1992,368.42075
Yemen,YEM,1993,347.5976
Yemen,YEM,1994,357.9511
Yemen,YEM,1995,341.94156
Yemen,YEM,1996,336.23206
Yemen,YEM,1997,324.082
Yemen,YEM,1998,315.1185
Yemen,YEM,1999,298.2432
Yemen,YEM,2000,274.97693
Yemen,YEM,2001,266.21445
Yemen,YEM,2002,240.55801
Yemen,YEM,2003,222.32538
Yemen,YEM,2004,209.69948
Yemen,YEM,2005,196.47777
Yemen,YEM,2006,183.0726
Yemen,YEM,2007,167.64091
Yemen,YEM,2008,168.44948
Yemen,YEM,2009,155.33047
Yemen,YEM,2010,156.6496
Yemen,YEM,2011,155.16437
Yemen,YEM,2012,157.6561
Yemen,YEM,2013,150.95755
Yemen,YEM,2014,156.02693
Yemen,YEM,2015,163.92967
Yemen,YEM,2016,171.83197
Yemen,YEM,2017,179.46648
Yemen,YEM,2018,175.63083
Yemen,YEM,2019,181.33215
Yemen,YEM,2020,183.39972
Zambia,ZMB,1990,602.9902
Zambia,ZMB,1991,607.2958
Zambia,ZMB,1992,599.1928
Zambia,ZMB,1993,576.1547
Zambia,ZMB,1994,543.74713
Zambia,ZMB,1995,523.1933
Zambia,ZMB,1996,508.71634
Zambia,ZMB,1997,500.6629
Zambia,ZMB,1998,491.66293
Zambia,ZMB,1999,468.4201
Zambia,ZMB,2000,418.6942
Zambia,ZMB,2001,362.62503
Zambia,ZMB,2002,337.08258
Zambia,ZMB,2003,308.1953
Zambia,ZMB,2004,311.69516
Zambia,ZMB,2005,309.2504
Zambia,ZMB,2006,306.0923
Zambia,ZMB,2007,295.85287
Zambia,ZMB,2008,319.58072
Zambia,ZMB,2009,326.5901
Zambia,ZMB,2010,268.49405
Zambia,ZMB,2011,232.77356
Zambia,ZMB,2012,220.6309
Zambia,ZMB,2013,191.35355
Zambia,ZMB,2014,168.83693
Zambia,ZMB,2015,165.72624
Zambia,ZMB,2016,155.3573
Zambia,ZMB,2017,155.82332
Zambia,ZMB,2018,144.87115
Zambia,ZMB,2019,128.84006
Zambia,ZMB,2020,134.66542
Zimbabwe,ZWE,1990,337.5501
Zimbabwe,ZWE,1991,346.73132
Zimbabwe,ZWE,1992,349.56744
Zimbabwe,ZWE,1993,346.98022
Zimbabwe,ZWE,1994,352.07843
Zimbabwe,ZWE,1995,363.99518
Zimbabwe,ZWE,1996,361.6028
Zimbabwe,ZWE,1997,323.441
Zimbabwe,ZWE,1998,321.5364
Zimbabwe,ZWE,1999,384.5703
Zimbabwe,ZWE,2000,387.75034
Zimbabwe,ZWE,2001,589.1738
Zimbabwe,ZWE,2002,442.7154
Zimbabwe,ZWE,2003,533.8988
Zimbabwe,ZWE,2004,488.08743
Zimbabwe,ZWE,2005,533.07275
Zimbabwe,ZWE,2006,558.164
Zimbabwe,ZWE,2007,656.42145
Zimbabwe,ZWE,2008,684.827
Zimbabwe,ZWE,2009,669.8878
Zimbabwe,ZWE,2010,618.3297
Zimbabwe,ZWE,2011,562.12067
Zimbabwe,ZWE,2012,527.61646
Zimbabwe,ZWE,2013,495.25714
Zimbabwe,ZWE,2014,440.85205
Zimbabwe,ZWE,2015,408.11902
Zimbabwe,ZWE,2016,399.7575
Zimbabwe,ZWE,2017,366.381
Zimbabwe,ZWE,2018,358.5035
Zimbabwe,ZWE,2019,393.1763
Zimbabwe,ZWE,2020,356.7589
